[WebServer] (node:1328775) Warning: The 'NO_COLOR' env is ignored due to the 'FORCE_COLOR' env being set.
[WebServer] (Use `node --trace-warnings ...` to show where the warning was created)
[WebServer] $ next start --port 4173 --hostname 127.0.0.1
[WebServer] (node:1328808) Warning: The 'NO_COLOR' env is ignored due to the 'FORCE_COLOR' env being set.
[WebServer] (Use `node --trace-warnings ...` to show where the warning was created)
[WebServer] ⚠ "next start" does not work with "output: standalone" configuration. Use "node .next/standalone/server.js" instead.
[WebServer] (node:1328830) Warning: The 'NO_COLOR' env is ignored due to the 'FORCE_COLOR' env being set.
[WebServer] (Use `node --trace-warnings ...` to show where the warning was created)
[WebServer] $ node build
[WebServer] (node:1328843) Warning: The 'NO_COLOR' env is ignored due to the 'FORCE_COLOR' env being set.
[WebServer] (Use `node --trace-warnings ...` to show where the warning was created)
{
  "counts": {
    "clients": 23,
    "contacts": 8,
    "projects": 25,
    "users": 6,
    "workers": 3,
    "timeEntries": 43,
    "reports": 7,
    "technicalReports": 3,
    "technicalChanges": 2,
    "expenses": 41,
    "documents": 13,
    "milestones": 4,
    "invoiceDrafts": 7,
    "invoices": 8,
    "issuedInvoices": 1,
    "billingRules": 14,
    "skills": 18,
    "workerSkills": 17,
    "availabilities": 6,
    "settlements": 2,
    "periodReports": 4,
    "accountingPacks": 1
  },
  "projects": [
    "01a0c5e3-0505-7578-97ed-4c3805c8a913",
    "01a0c5e3-0505-7578-97ed-5f27dacfd3f6",
    "01a0c5e3-0506-73ff-abfb-f31b2e34174b",
    "01a0c5e3-0506-73ff-abfc-00fe7d4a05d2"
  ],
  "invoiceDrafts": [
    "01a0c5e3-0601-7088-af26-c124b83f5369",
    "01a0c5e3-0605-7516-b901-803a7a84a88a",
    "01a0c5e3-0609-7519-a205-683cd93b8f3b"
  ],
  "additionalInvoiceDrafts": [
    "01a0c5e3-0610-772b-a354-3a957a4f370d",
    "01a0c5e3-0613-7083-820f-c59e81dd3f77",
    "01a0c5e3-0616-735d-8644-45e7823743f7"
  ],
  "issuedPalletizerInvoice": {
    "id": "01a0c5e3-0610-772b-a354-3a957a4f370d",
    "invoiceNumber": "DEMO-2026-00001"
  },
  "settlementIds": [
    "01a0c5e3-05f7-7435-949f-ffb92fe097e7",
    "01a0c5e3-05f9-759f-afbd-11fbc26710ba"
  ],
  "closedPeriods": [
    {
      "state": "ready",
      "reasons": [],
      "projectId": "01a0c5e3-0505-7578-97ed-4c3805c8a913",
      "streamType": "labor",
      "closed": true,
      "billingPeriodId": "01a0c5e3-061f-7538-81c6-ca1a84d5b206"
    },
    {
      "state": "ready",
      "reasons": [],
      "projectId": "01a0c5e3-0505-7578-97ed-4c3805c8a913",
      "streamType": "expense",
      "closed": true,
      "billingPeriodId": "01a0c5e3-0621-766d-b6e0-301834847eee"
    }
  ],
  "periodReportIds": [
    "01a0c5e3-0622-75f2-ab16-7ed1876a3645",
    "01a0c5e3-0622-75f2-ab16-834c91a9ad02"
  ],
  "accountingPackId": "01a0c5e3-0656-758d-81b0-933ac4da9a79",
  "canonicalAccountingPackRevisionId": "fp-accounting-pack-revision-6f95b5c7d0560bac24187a2b07636a1e055b1f78",
  "closeoutId": "01a0c5e3-06e0-72ec-9378-b8438d5114c3"
}

Running 36 tests using 1 worker

(node:1328959) Warning: The 'NO_COLOR' env is ignored due to the 'FORCE_COLOR' env being set.
(Use `node --trace-warnings ...` to show where the warning was created)
  ✓   1 [phone-360] › tests/e2e/design-refresh.spec.ts:5:1 › refreshed website keeps its menu reachable and loads local typography (5.3s)
  ✓   2 [phone-360] › tests/e2e/design-refresh.spec.ts:39:1 › workspace fonts load and dashboard summary leaves room for work (4.7s)
  -   3 [phone-360] › tests/e2e/public-site-accessibility.spec.ts:6:1 › affected public pages meet the WCAG automated contract
  -   4 [phone-360] › tests/e2e/public-site-accessibility.spec.ts:21:1 › public image assets load when lazy content enters the viewport
  ✘   5 [phone-360] › tests/e2e/ui-multirole-accessibility-matrix.spec.ts:429:3 › worker Client Essential surfaces pass axe, responsive and keyboard matrix (9.8s)
(node:1329811) Warning: The 'NO_COLOR' env is ignored due to the 'FORCE_COLOR' env being set.
(Use `node --trace-warnings ...` to show where the warning was created)
  ✘   6 [phone-360] › tests/e2e/ui-multirole-accessibility-matrix.spec.ts:429:3 › manager Client Essential surfaces pass axe, responsive and keyboard matrix (5.4s)
(node:1330131) Warning: The 'NO_COLOR' env is ignored due to the 'FORCE_COLOR' env being set.
(Use `node --trace-warnings ...` to show where the warning was created)
  ✘   7 [phone-360] › tests/e2e/ui-multirole-accessibility-matrix.spec.ts:429:3 › finance Client Essential surfaces pass axe, responsive and keyboard matrix (4.0s)
(node:1330439) Warning: The 'NO_COLOR' env is ignored due to the 'FORCE_COLOR' env being set.
(Use `node --trace-warnings ...` to show where the warning was created)
  ✘   8 [phone-360] › tests/e2e/ui-multirole-accessibility-matrix.spec.ts:429:3 › owner Client Essential surfaces pass axe, responsive and keyboard matrix (9.0s)
(node:1330849) Warning: The 'NO_COLOR' env is ignored due to the 'FORCE_COLOR' env being set.
(Use `node --trace-warnings ...` to show where the warning was created)
  ✘   9 [phone-360] › tests/e2e/ui-multirole-accessibility-matrix.spec.ts:429:3 › auditor Client Essential surfaces pass axe, responsive and keyboard matrix (3.6s)
(node:1331028) Warning: The 'NO_COLOR' env is ignored due to the 'FORCE_COLOR' env being set.
(Use `node --trace-warnings ...` to show where the warning was created)
  ✓  10 [phone-390] › tests/e2e/design-refresh.spec.ts:5:1 › refreshed website keeps its menu reachable and loads local typography (5.0s)
  ✓  11 [phone-390] › tests/e2e/design-refresh.spec.ts:39:1 › workspace fonts load and dashboard summary leaves room for work (4.5s)
  -  12 [phone-390] › tests/e2e/public-site-accessibility.spec.ts:6:1 › affected public pages meet the WCAG automated contract
  -  13 [phone-390] › tests/e2e/public-site-accessibility.spec.ts:21:1 › public image assets load when lazy content enters the viewport
  ✘  14 [phone-390] › tests/e2e/ui-multirole-accessibility-matrix.spec.ts:429:3 › worker Client Essential surfaces pass axe, responsive and keyboard matrix (9.4s)
(node:1331851) Warning: The 'NO_COLOR' env is ignored due to the 'FORCE_COLOR' env being set.
(Use `node --trace-warnings ...` to show where the warning was created)
  ✓  15 [phone-390] › tests/e2e/ui-multirole-accessibility-matrix.spec.ts:429:3 › manager Client Essential surfaces pass axe, responsive and keyboard matrix (10.8s)
  ✘  16 [phone-390] › tests/e2e/ui-multirole-accessibility-matrix.spec.ts:429:3 › finance Client Essential surfaces pass axe, responsive and keyboard matrix (3.4s)
(node:1332390) Warning: The 'NO_COLOR' env is ignored due to the 'FORCE_COLOR' env being set.
(Use `node --trace-warnings ...` to show where the warning was created)
  ✘  17 [phone-390] › tests/e2e/ui-multirole-accessibility-matrix.spec.ts:429:3 › owner Client Essential surfaces pass axe, responsive and keyboard matrix (8.9s)
(node:1332849) Warning: The 'NO_COLOR' env is ignored due to the 'FORCE_COLOR' env being set.
(Use `node --trace-warnings ...` to show where the warning was created)
  ✘  18 [phone-390] › tests/e2e/ui-multirole-accessibility-matrix.spec.ts:429:3 › auditor Client Essential surfaces pass axe, responsive and keyboard matrix (3.6s)
(node:1333036) Warning: The 'NO_COLOR' env is ignored due to the 'FORCE_COLOR' env being set.
(Use `node --trace-warnings ...` to show where the warning was created)
  ✓  19 [tablet-768] › tests/e2e/design-refresh.spec.ts:5:1 › refreshed website keeps its menu reachable and loads local typography (5.3s)
  ✓  20 [tablet-768] › tests/e2e/design-refresh.spec.ts:39:1 › workspace fonts load and dashboard summary leaves room for work (4.5s)
  -  21 [tablet-768] › tests/e2e/public-site-accessibility.spec.ts:6:1 › affected public pages meet the WCAG automated contract
  -  22 [tablet-768] › tests/e2e/public-site-accessibility.spec.ts:21:1 › public image assets load when lazy content enters the viewport
  ✘  23 [tablet-768] › tests/e2e/ui-multirole-accessibility-matrix.spec.ts:429:3 › worker Client Essential surfaces pass axe, responsive and keyboard matrix (9.5s)
(node:1333917) Warning: The 'NO_COLOR' env is ignored due to the 'FORCE_COLOR' env being set.
(Use `node --trace-warnings ...` to show where the warning was created)
  ✓  24 [tablet-768] › tests/e2e/ui-multirole-accessibility-matrix.spec.ts:429:3 › manager Client Essential surfaces pass axe, responsive and keyboard matrix (10.8s)
  ✘  25 [tablet-768] › tests/e2e/ui-multirole-accessibility-matrix.spec.ts:429:3 › finance Client Essential surfaces pass axe, responsive and keyboard matrix (3.2s)
(node:1334524) Warning: The 'NO_COLOR' env is ignored due to the 'FORCE_COLOR' env being set.
(Use `node --trace-warnings ...` to show where the warning was created)
  ✘  26 [tablet-768] › tests/e2e/ui-multirole-accessibility-matrix.spec.ts:429:3 › owner Client Essential surfaces pass axe, responsive and keyboard matrix (8.8s)
(node:1334849) Warning: The 'NO_COLOR' env is ignored due to the 'FORCE_COLOR' env being set.
(Use `node --trace-warnings ...` to show where the warning was created)
  ✘  27 [tablet-768] › tests/e2e/ui-multirole-accessibility-matrix.spec.ts:429:3 › auditor Client Essential surfaces pass axe, responsive and keyboard matrix (3.5s)
(node:1335170) Warning: The 'NO_COLOR' env is ignored due to the 'FORCE_COLOR' env being set.
(Use `node --trace-warnings ...` to show where the warning was created)
  ✓  28 [desktop] › tests/e2e/design-refresh.spec.ts:5:1 › refreshed website keeps its menu reachable and loads local typography (4.9s)
  ✓  29 [desktop] › tests/e2e/design-refresh.spec.ts:39:1 › workspace fonts load and dashboard summary leaves room for work (4.5s)
  ✓  30 [desktop] › tests/e2e/public-site-accessibility.spec.ts:6:1 › affected public pages meet the WCAG automated contract (7.2s)
  ✓  31 [desktop] › tests/e2e/public-site-accessibility.spec.ts:21:1 › public image assets load when lazy content enters the viewport (4.6s)
  ✘  32 [desktop] › tests/e2e/ui-multirole-accessibility-matrix.spec.ts:429:3 › worker Client Essential surfaces pass axe, responsive and keyboard matrix (8.7s)
(node:1336307) Warning: The 'NO_COLOR' env is ignored due to the 'FORCE_COLOR' env being set.
(Use `node --trace-warnings ...` to show where the warning was created)
  ✘  33 [desktop] › tests/e2e/ui-multirole-accessibility-matrix.spec.ts:429:3 › manager Client Essential surfaces pass axe, responsive and keyboard matrix (4.5s)
(node:1336539) Warning: The 'NO_COLOR' env is ignored due to the 'FORCE_COLOR' env being set.
(Use `node --trace-warnings ...` to show where the warning was created)
  ✘  34 [desktop] › tests/e2e/ui-multirole-accessibility-matrix.spec.ts:429:3 › finance Client Essential surfaces pass axe, responsive and keyboard matrix (4.4s)
(node:1336758) Warning: The 'NO_COLOR' env is ignored due to the 'FORCE_COLOR' env being set.
(Use `node --trace-warnings ...` to show where the warning was created)
  ✘  35 [desktop] › tests/e2e/ui-multirole-accessibility-matrix.spec.ts:429:3 › owner Client Essential surfaces pass axe, responsive and keyboard matrix (4.9s)
(node:1336973) Warning: The 'NO_COLOR' env is ignored due to the 'FORCE_COLOR' env being set.
(Use `node --trace-warnings ...` to show where the warning was created)
  ✘  36 [desktop] › tests/e2e/ui-multirole-accessibility-matrix.spec.ts:429:3 › auditor Client Essential surfaces pass axe, responsive and keyboard matrix (4.4s)


  1) [phone-360] › tests/e2e/ui-multirole-accessibility-matrix.spec.ts:429:3 › worker Client Essential surfaces pass axe, responsive and keyboard matrix 

    Error: worker phone-360 /expenses: [
      {
        "id": "color-contrast",
        "impact": "serious",
        "tags": [
          "cat.color",
          "wcag2aa",
          "wcag143",
          "TTv5",
          "TT13.c",
          "EN-301-549",
          "EN-9.1.4.3",
          "ACT",
          "RGAAv4",
          "RGAA-3.2.1"
        ],
        "description": "Ensure the contrast between foreground and background colors meets WCAG 2 AA minimum contrast ratio thresholds",
        "help": "Elements must meet minimum color contrast ratio thresholds",
        "helpUrl": "https://dequeuniversity.com/rules/axe/4.13/color-contrast?application=playwright",
        "nodes": [
          {
            "any": [
              {
                "id": "color-contrast",
                "data": {
                  "fgColor": "#77766d",
                  "bgColor": "#fbfbfa",
                  "contrastRatio": 4.41,
                  "fontSize": "10.3pt (13.76px)",
                  "fontWeight": "normal",
                  "messageKey": null,
                  "expectedContrastRatio": "4.5:1"
                },
                "relatedNodes": [
                  {
                    "html": "<section class=\"expense-export-panel svelte-90hvho\" aria-labelledby=\"expense-filtered-export-title\">",
                    "target": [
                      "section[aria-labelledby=\"expense-filtered-export-title\"]"
                    ]
                  }
                ],
                "impact": "serious",
                "message": "Element has insufficient color contrast of 4.41 (foreground color: #77766d, background color: #fbfbfa, font size: 10.3pt (13.76px), font weight: normal). Expected contrast ratio of 4.5:1"
              }
            ],
            "all": [],
            "none": [],
            "impact": "serious",
            "html": "<p class=\"svelte-90hvho\">Download exactly the expenses currently selected by the register filters.</p>",
            "target": [
              "section[aria-labelledby=\"expense-filtered-export-title\"] > div:nth-child(1) > p"
            ],
            "failureSummary": "Fix any of the following:\n  Element has insufficient color contrast of 4.41 (foreground color: #77766d, background color: #fbfbfa, font size: 10.3pt (13.76px), font weight: normal). Expected contrast ratio of 4.5:1"
          },
          {
            "any": [
              {
                "id": "color-contrast",
                "data": {
                  "fgColor": "#77766d",
                  "bgColor": "#fbfbfa",
                  "contrastRatio": 4.41,
                  "fontSize": "10.3pt (13.76px)",
                  "fontWeight": "normal",
                  "messageKey": null,
                  "expectedContrastRatio": "4.5:1"
                },
                "relatedNodes": [
                  {
                    "html": "<section class=\"expense-export-panel svelte-90hvho\" aria-labelledby=\"expense-export-title\">",
                    "target": [
                      "section[aria-labelledby=\"expense-export-title\"]"
                    ]
                  }
                ],
                "impact": "serious",
                "message": "Element has insufficient color contrast of 4.41 (foreground color: #77766d, background color: #fbfbfa, font size: 10.3pt (13.76px), font weight: normal). Expected contrast ratio of 4.5:1"
              }
            ],
            "all": [],
            "none": [],
            "impact": "serious",
            "html": "<p class=\"svelte-90hvho\">Choose a separate period and scope without changing the register above.</p>",
            "target": [
              "section[aria-labelledby=\"expense-export-title\"] > div:nth-child(1) > p"
            ],
            "failureSummary": "Fix any of the following:\n  Element has insufficient color contrast of 4.41 (foreground color: #77766d, background color: #fbfbfa, font size: 10.3pt (13.76px), font weight: normal). Expected contrast ratio of 4.5:1"
          }
        ]
      }
    ]

    expect(received).toEqual(expected) // deep equality

    - Expected  -  1
    + Received  + 93

    - Array []
    + Array [
    +   Object {
    +     "description": "Ensure the contrast between foreground and background colors meets WCAG 2 AA minimum contrast ratio thresholds",
    +     "help": "Elements must meet minimum color contrast ratio thresholds",
    +     "helpUrl": "https://dequeuniversity.com/rules/axe/4.13/color-contrast?application=playwright",
    +     "id": "color-contrast",
    +     "impact": "serious",
    +     "nodes": Array [
    +       Object {
    +         "all": Array [],
    +         "any": Array [
    +           Object {
    +             "data": Object {
    +               "bgColor": "#fbfbfa",
    +               "contrastRatio": 4.41,
    +               "expectedContrastRatio": "4.5:1",
    +               "fgColor": "#77766d",
    +               "fontSize": "10.3pt (13.76px)",
    +               "fontWeight": "normal",
    +               "messageKey": null,
    +             },
    +             "id": "color-contrast",
    +             "impact": "serious",
    +             "message": "Element has insufficient color contrast of 4.41 (foreground color: #77766d, background color: #fbfbfa, font size: 10.3pt (13.76px), font weight: normal). Expected contrast ratio of 4.5:1",
    +             "relatedNodes": Array [
    +               Object {
    +                 "html": "<section class=\"expense-export-panel svelte-90hvho\" aria-labelledby=\"expense-filtered-export-title\">",
    +                 "target": Array [
    +                   "section[aria-labelledby=\"expense-filtered-export-title\"]",
    +                 ],
    +               },
    +             ],
    +           },
    +         ],
    +         "failureSummary": "Fix any of the following:
    +   Element has insufficient color contrast of 4.41 (foreground color: #77766d, background color: #fbfbfa, font size: 10.3pt (13.76px), font weight: normal). Expected contrast ratio of 4.5:1",
    +         "html": "<p class=\"svelte-90hvho\">Download exactly the expenses currently selected by the register filters.</p>",
    +         "impact": "serious",
    +         "none": Array [],
    +         "target": Array [
    +           "section[aria-labelledby=\"expense-filtered-export-title\"] > div:nth-child(1) > p",
    +         ],
    +       },
    +       Object {
    +         "all": Array [],
    +         "any": Array [
    +           Object {
    +             "data": Object {
    +               "bgColor": "#fbfbfa",
    +               "contrastRatio": 4.41,
    +               "expectedContrastRatio": "4.5:1",
    +               "fgColor": "#77766d",
    +               "fontSize": "10.3pt (13.76px)",
    +               "fontWeight": "normal",
    +               "messageKey": null,
    +             },
    +             "id": "color-contrast",
    +             "impact": "serious",
    +             "message": "Element has insufficient color contrast of 4.41 (foreground color: #77766d, background color: #fbfbfa, font size: 10.3pt (13.76px), font weight: normal). Expected contrast ratio of 4.5:1",
    +             "relatedNodes": Array [
    +               Object {
    +                 "html": "<section class=\"expense-export-panel svelte-90hvho\" aria-labelledby=\"expense-export-title\">",
    +                 "target": Array [
    +                   "section[aria-labelledby=\"expense-export-title\"]",
    +                 ],
    +               },
    +             ],
    +           },
    +         ],
    +         "failureSummary": "Fix any of the following:
    +   Element has insufficient color contrast of 4.41 (foreground color: #77766d, background color: #fbfbfa, font size: 10.3pt (13.76px), font weight: normal). Expected contrast ratio of 4.5:1",
    +         "html": "<p class=\"svelte-90hvho\">Choose a separate period and scope without changing the register above.</p>",
    +         "impact": "serious",
    +         "none": Array [],
    +         "target": Array [
    +           "section[aria-labelledby=\"expense-export-title\"] > div:nth-child(1) > p",
    +         ],
    +       },
    +     ],
    +     "tags": Array [
    +       "cat.color",
    +       "wcag2aa",
    +       "wcag143",
    +       "TTv5",
    +       "TT13.c",
    +       "EN-301-549",
    +       "EN-9.1.4.3",
    +       "ACT",
    +       "RGAAv4",
    +       "RGAA-3.2.1",
    +     ],
    +   },
    + ]

      138 |     .withTags(['wcag2a', 'wcag2aa', 'wcag21aa'])
      139 |     .analyze();
    > 140 |   expect(result.violations, `${context}: ${JSON.stringify(result.violations, null, 2)}`).toEqual(
          |                                                                                          ^
      141 |     [],
      142 |   );
      143 | }
        at expectNoAxeViolations (/home/kripta/ja-automation-platform-vps-hotfix/tests/e2e/ui-multirole-accessibility-matrix.spec.ts:140:90)
        at /home/kripta/ja-automation-platform-vps-hotfix/tests/e2e/ui-multirole-accessibility-matrix.spec.ts:452:7

    Error Context: test-results/ui-multirole-accessibility-2785a-ponsive-and-keyboard-matrix-phone-360/error-context.md

    attachment #2: trace (application/zip) ─────────────────────────────────────────────────────────
    test-results/ui-multirole-accessibility-2785a-ponsive-and-keyboard-matrix-phone-360/trace.zip
    Usage:

        pnpm exec playwright show-trace test-results/ui-multirole-accessibility-2785a-ponsive-and-keyboard-matrix-phone-360/trace.zip

    ────────────────────────────────────────────────────────────────────────────────────────────────

  2) [phone-360] › tests/e2e/ui-multirole-accessibility-matrix.spec.ts:429:3 › manager Client Essential surfaces pass axe, responsive and keyboard matrix 

    Error: manager phone-360 /projects: touch targets below 44px: [{"label":"⎙ Print report","width":86,"height":44},{"label":"","width":145,"height":47},{"label":"Search","width":69,"height":44},{"label":"Active 3 Operational projects","width":328,"height":111},{"label":"Planned 0 Preparing to start","width":328,"height":111},{"label":"Needs attention 0 Paused or closing","width":328,"height":111},{"label":"","width":294,"height":44},{"label":"All statusesActivePlannedNeeds attentionPausedClosingClosedArchived","width":294,"height":44},{"label":"Apply filters","width":294,"height":44},{"label":"Clear filters","width":294,"height":44},{"label":"Project calendar","width":294,"height":48},{"label":"Previous month","width":44,"height":44},{"label":"Today","width":67,"height":44},{"label":"Next month","width":44,"height":44},{"label":"Monday, August 31, 2026 · Events: 0","width":41,"height":48},{"label":"Tuesday, September 1, 2026 · Events: 0","width":41,"height":48},{"label":"Wednesday, September 2, 2026 · Events: 0","width":41,"height":48},{"label":"Thursday, September 3, 2026 · Events: 0","width":41,"height":48},{"label":"Friday, September 4, 2026 · Events: 0","width":41,"height":48},{"label":"Saturday, September 5, 2026 · Events: 0","width":41,"height":48},{"label":"Sunday, September 6, 2026 · Events: 0","width":41,"height":48},{"label":"Monday, September 7, 2026 · Events: 0","width":41,"height":48},{"label":"Tuesday, September 8, 2026 · Events: 0","width":41,"height":48},{"label":"Wednesday, September 9, 2026 · Events: 0","width":41,"height":48},{"label":"Thursday, September 10, 2026 · Events: 0","width":41,"height":48},{"label":"Friday, September 11, 2026 · Events: 0","width":41,"height":48},{"label":"Saturday, September 12, 2026 · Events: 0","width":41,"height":48},{"label":"Sunday, September 13, 2026 · Events: 0","width":41,"height":48},{"label":"Monday, September 14, 2026 · Events: 0","width":41,"height":48},{"label":"Tuesday, September 15, 2026 · Events: 0","width":41,"height":48},{"label":"Wednesday, September 16, 2026 · Events: 0","width":41,"height":48},{"label":"Thursday, September 17, 2026 · Events: 0","width":41,"height":48},{"label":"Friday, September 18, 2026 · Events: 0","width":41,"height":48},{"label":"Saturday, September 19, 2026 · Events: 0","width":41,"height":48},{"label":"Sunday, September 20, 2026 · Events: 0","width":41,"height":48},{"label":"Monday, September 21, 2026 · Events: 3","width":41,"height":48},{"label":"Tuesday, September 22, 2026 · Events: 3","width":41,"height":48},{"label":"Wednesday, September 23, 2026 · Events: 3","width":41,"height":48},{"label":"Thursday, September 24, 2026 · Events: 3","width":41,"height":48},{"label":"Friday, September 25, 2026 · Events: 3","width":41,"height":48},{"label":"Saturday, September 26, 2026 · Events: 3","width":41,"height":48},{"label":"Sunday, September 27, 2026 · Events: 3","width":41,"height":48},{"label":"Monday, September 28, 2026 · Events: 3","width":41,"height":48},{"label":"Tuesday, September 29, 2026 · Events: 3","width":41,"height":48},{"label":"Wednesday, September 30, 2026 · Events: 3","width":41,"height":48},{"label":"Thursday, October 1, 2026 · Events: 3","width":41,"height":48},{"label":"Friday, October 2, 2026 · Events: 3","width":41,"height":48},{"label":"Saturday, October 3, 2026 · Events: 3","width":41,"height":48},{"label":"Sunday, October 4, 2026 · Events: 3","width":41,"height":48},{"label":"Monday, October 5, 2026 · Events: 3","width":41,"height":48},{"label":"Tuesday, October 6, 2026 · Events: 3","width":41,"height":48},{"label":"Wednesday, October 7, 2026 · Events: 3","width":41,"height":48},{"label":"Thursday, October 8, 2026 · Events: 3","width":41,"height":48},{"label":"Friday, October 9, 2026 · Events: 3","width":41,"height":48},{"label":"Saturday, October 10, 2026 · Events: 3","width":41,"height":48},{"label":"Sunday, October 11, 2026 · Events: 3","width":41,"height":48},{"label":"C-0001-P-001 · Body Shop Line 4 Controls Upgrade · DemoSep 21, 2026 – Dec 31, 2026","width":290,"height":92},{"label":"C-0002-P-001 · High-Speed Palletizer Commissioning · DemoSep 21, 2026 – Nov 30, 2026","width":290,"height":92},{"label":"C-0003-P-001 · Caustic Recovery Skid Integration · DemoSep 21, 2026 – Jan 31, 2027","width":290,"height":92},{"label":"Search: Project","width":294,"height":45},{"label":"AllActive","width":294,"height":45},{"label":"Needs attention firstOldest firstNewest firstNameStatus","width":294,"height":45},{"label":"← Previous","width":109,"height":44},{"label":"Next →","width":81,"height":44},{"label":"Open project: C-0001-P-001 · Body Shop Line 4 Controls Upgrade · Demo","width":265,"height":44},{"label":"Open project: C-0003-P-001 · Caustic Recovery Skid Integration · Demo","width":265,"height":44},{"label":"Open project: C-0002-P-001 · High-Speed Palletizer Commissioning · Demo","width":265,"height":44}]

    expect(received).toEqual(expected) // deep equality

    - Expected  -   1
    + Received  + 212

    - Array []
    + Array [
    +   Object {
    +     "height": 48,
    +     "label": "Monday, August 31, 2026 · Events: 0",
    +     "width": 41,
    +   },
    +   Object {
    +     "height": 48,
    +     "label": "Tuesday, September 1, 2026 · Events: 0",
    +     "width": 41,
    +   },
    +   Object {
    +     "height": 48,
    +     "label": "Wednesday, September 2, 2026 · Events: 0",
    +     "width": 41,
    +   },
    +   Object {
    +     "height": 48,
    +     "label": "Thursday, September 3, 2026 · Events: 0",
    +     "width": 41,
    +   },
    +   Object {
    +     "height": 48,
    +     "label": "Friday, September 4, 2026 · Events: 0",
    +     "width": 41,
    +   },
    +   Object {
    +     "height": 48,
    +     "label": "Saturday, September 5, 2026 · Events: 0",
    +     "width": 41,
    +   },
    +   Object {
    +     "height": 48,
    +     "label": "Sunday, September 6, 2026 · Events: 0",
    +     "width": 41,
    +   },
    +   Object {
    +     "height": 48,
    +     "label": "Monday, September 7, 2026 · Events: 0",
    +     "width": 41,
    +   },
    +   Object {
    +     "height": 48,
    +     "label": "Tuesday, September 8, 2026 · Events: 0",
    +     "width": 41,
    +   },
    +   Object {
    +     "height": 48,
    +     "label": "Wednesday, September 9, 2026 · Events: 0",
    +     "width": 41,
    +   },
    +   Object {
    +     "height": 48,
    +     "label": "Thursday, September 10, 2026 · Events: 0",
    +     "width": 41,
    +   },
    +   Object {
    +     "height": 48,
    +     "label": "Friday, September 11, 2026 · Events: 0",
    +     "width": 41,
    +   },
    +   Object {
    +     "height": 48,
    +     "label": "Saturday, September 12, 2026 · Events: 0",
    +     "width": 41,
    +   },
    +   Object {
    +     "height": 48,
    +     "label": "Sunday, September 13, 2026 · Events: 0",
    +     "width": 41,
    +   },
    +   Object {
    +     "height": 48,
    +     "label": "Monday, September 14, 2026 · Events: 0",
    +     "width": 41,
    +   },
    +   Object {
    +     "height": 48,
    +     "label": "Tuesday, September 15, 2026 · Events: 0",
    +     "width": 41,
    +   },
    +   Object {
    +     "height": 48,
    +     "label": "Wednesday, September 16, 2026 · Events: 0",
    +     "width": 41,
    +   },
    +   Object {
    +     "height": 48,
    +     "label": "Thursday, September 17, 2026 · Events: 0",
    +     "width": 41,
    +   },
    +   Object {
    +     "height": 48,
    +     "label": "Friday, September 18, 2026 · Events: 0",
    +     "width": 41,
    +   },
    +   Object {
    +     "height": 48,
    +     "label": "Saturday, September 19, 2026 · Events: 0",
    +     "width": 41,
    +   },
    +   Object {
    +     "height": 48,
    +     "label": "Sunday, September 20, 2026 · Events: 0",
    +     "width": 41,
    +   },
    +   Object {
    +     "height": 48,
    +     "label": "Monday, September 21, 2026 · Events: 3",
    +     "width": 41,
    +   },
    +   Object {
    +     "height": 48,
    +     "label": "Tuesday, September 22, 2026 · Events: 3",
    +     "width": 41,
    +   },
    +   Object {
    +     "height": 48,
    +     "label": "Wednesday, September 23, 2026 · Events: 3",
    +     "width": 41,
    +   },
    +   Object {
    +     "height": 48,
    +     "label": "Thursday, September 24, 2026 · Events: 3",
    +     "width": 41,
    +   },
    +   Object {
    +     "height": 48,
    +     "label": "Friday, September 25, 2026 · Events: 3",
    +     "width": 41,
    +   },
    +   Object {
    +     "height": 48,
    +     "label": "Saturday, September 26, 2026 · Events: 3",
    +     "width": 41,
    +   },
    +   Object {
    +     "height": 48,
    +     "label": "Sunday, September 27, 2026 · Events: 3",
    +     "width": 41,
    +   },
    +   Object {
    +     "height": 48,
    +     "label": "Monday, September 28, 2026 · Events: 3",
    +     "width": 41,
    +   },
    +   Object {
    +     "height": 48,
    +     "label": "Tuesday, September 29, 2026 · Events: 3",
    +     "width": 41,
    +   },
    +   Object {
    +     "height": 48,
    +     "label": "Wednesday, September 30, 2026 · Events: 3",
    +     "width": 41,
    +   },
    +   Object {
    +     "height": 48,
    +     "label": "Thursday, October 1, 2026 · Events: 3",
    +     "width": 41,
    +   },
    +   Object {
    +     "height": 48,
    +     "label": "Friday, October 2, 2026 · Events: 3",
    +     "width": 41,
    +   },
    +   Object {
    +     "height": 48,
    +     "label": "Saturday, October 3, 2026 · Events: 3",
    +     "width": 41,
    +   },
    +   Object {
    +     "height": 48,
    +     "label": "Sunday, October 4, 2026 · Events: 3",
    +     "width": 41,
    +   },
    +   Object {
    +     "height": 48,
    +     "label": "Monday, October 5, 2026 · Events: 3",
    +     "width": 41,
    +   },
    +   Object {
    +     "height": 48,
    +     "label": "Tuesday, October 6, 2026 · Events: 3",
    +     "width": 41,
    +   },
    +   Object {
    +     "height": 48,
    +     "label": "Wednesday, October 7, 2026 · Events: 3",
    +     "width": 41,
    +   },
    +   Object {
    +     "height": 48,
    +     "label": "Thursday, October 8, 2026 · Events: 3",
    +     "width": 41,
    +   },
    +   Object {
    +     "height": 48,
    +     "label": "Friday, October 9, 2026 · Events: 3",
    +     "width": 41,
    +   },
    +   Object {
    +     "height": 48,
    +     "label": "Saturday, October 10, 2026 · Events: 3",
    +     "width": 41,
    +   },
    +   Object {
    +     "height": 48,
    +     "label": "Sunday, October 11, 2026 · Events: 3",
    +     "width": 41,
    +   },
    + ]

      395 |     targets.filter((target) => target.width < 44 || target.height < 44),
      396 |     `${context}: touch targets below 44px: ${JSON.stringify(targets)}`,
    > 397 |   ).toEqual([]);
          |     ^
      398 | }
      399 |
      400 | async function expectReducedMotion(page: Page, context: string): Promise<void> {
        at expectPhoneTouchTargets (/home/kripta/ja-automation-platform-vps-hotfix/tests/e2e/ui-multirole-accessibility-matrix.spec.ts:397:5)
        at /home/kripta/ja-automation-platform-vps-hotfix/tests/e2e/ui-multirole-accessibility-matrix.spec.ts:456:25

    Error Context: test-results/ui-multirole-accessibility-50776-ponsive-and-keyboard-matrix-phone-360/error-context.md

    attachment #2: trace (application/zip) ─────────────────────────────────────────────────────────
    test-results/ui-multirole-accessibility-50776-ponsive-and-keyboard-matrix-phone-360/trace.zip
    Usage:

        pnpm exec playwright show-trace test-results/ui-multirole-accessibility-50776-ponsive-and-keyboard-matrix-phone-360/trace.zip

    ────────────────────────────────────────────────────────────────────────────────────────────────

  3) [phone-360] › tests/e2e/ui-multirole-accessibility-matrix.spec.ts:429:3 › finance Client Essential surfaces pass axe, responsive and keyboard matrix 

    Error: finance open navigation: [
      {
        "id": "color-contrast",
        "impact": "serious",
        "tags": [
          "cat.color",
          "wcag2aa",
          "wcag143",
          "TTv5",
          "TT13.c",
          "EN-301-549",
          "EN-9.1.4.3",
          "ACT",
          "RGAAv4",
          "RGAA-3.2.1"
        ],
        "description": "Ensure the contrast between foreground and background colors meets WCAG 2 AA minimum contrast ratio thresholds",
        "help": "Elements must meet minimum color contrast ratio thresholds",
        "helpUrl": "https://dequeuniversity.com/rules/axe/4.13/color-contrast?application=playwright",
        "nodes": [
          {
            "any": [
              {
                "id": "color-contrast",
                "data": {
                  "fgColor": "#77766d",
                  "bgColor": "#fdfdfd",
                  "contrastRatio": 4.49,
                  "fontSize": "9.4pt (12.48px)",
                  "fontWeight": "normal",
                  "messageKey": null,
                  "expectedContrastRatio": "4.5:1"
                },
                "relatedNodes": [
                  {
                    "html": "<div class=\"finance-overview__cash svelte-102c35v\" aria-label=\"Cash and liquidity\">",
                    "target": [
                      ".finance-overview__cash"
                    ]
                  }
                ],
                "impact": "serious",
                "message": "Element has insufficient color contrast of 4.49 (foreground color: #77766d, background color: #fdfdfd, font size: 9.4pt (12.48px), font weight: normal). Expected contrast ratio of 4.5:1"
              }
            ],
            "all": [],
            "none": [],
            "impact": "serious",
            "html": "<a class=\"finance-overview__cash-link svelte-102c35v\" href=\"/j-aautomation/app/ledger?project=01a0c5e3-0505-7578-97ed-4c3805c8a913&amp;status=collected\" data-metric=\"collected\">Collected (actual): <strong class=\"svelte-102c35v\">$0.00</strong></a>",
            "target": [
              "a[data-metric=\"collected\"]"
            ],
            "failureSummary": "Fix any of the following:\n  Element has insufficient color contrast of 4.49 (foreground color: #77766d, background color: #fdfdfd, font size: 9.4pt (12.48px), font weight: normal). Expected contrast ratio of 4.5:1"
          },
          {
            "any": [
              {
                "id": "color-contrast",
                "data": {
                  "fgColor": "#77766d",
                  "bgColor": "#fdfdfd",
                  "contrastRatio": 4.49,
                  "fontSize": "9.4pt (12.48px)",
                  "fontWeight": "normal",
                  "messageKey": null,
                  "expectedContrastRatio": "4.5:1"
                },
                "relatedNodes": [
                  {
                    "html": "<div class=\"finance-overview__cash svelte-102c35v\" aria-label=\"Cash and liquidity\">",
                    "target": [
                      ".finance-overview__cash"
                    ]
                  }
                ],
                "impact": "serious",
                "message": "Element has insufficient color contrast of 4.49 (foreground color: #77766d, background color: #fdfdfd, font size: 9.4pt (12.48px), font weight: normal). Expected contrast ratio of 4.5:1"
              }
            ],
            "all": [],
            "none": [],
            "impact": "serious",
            "html": "<a class=\"finance-overview__cash-link svelte-102c35v\" href=\"/j-aautomation/app/ledger?project=01a0c5e3-0505-7578-97ed-4c3805c8a913&amp;status=outstanding\" data-metric=\"outstanding\">Outstanding (actual): <strong class=\"svelte-102c35v\">$0.00</strong></a>",
            "target": [
              "a[data-metric=\"outstanding\"]"
            ],
            "failureSummary": "Fix any of the following:\n  Element has insufficient color contrast of 4.49 (foreground color: #77766d, background color: #fdfdfd, font size: 9.4pt (12.48px), font weight: normal). Expected contrast ratio of 4.5:1"
          },
          {
            "any": [
              {
                "id": "color-contrast",
                "data": {
                  "fgColor": "#77766d",
                  "bgColor": "#fdfdfd",
                  "contrastRatio": 4.49,
                  "fontSize": "9.4pt (12.48px)",
                  "fontWeight": "normal",
                  "messageKey": null,
                  "expectedContrastRatio": "4.5:1"
                },
                "relatedNodes": [
                  {
                    "html": "<div class=\"finance-overview__cash svelte-102c35v\" aria-label=\"Cash and liquidity\">",
                    "target": [
                      ".finance-overview__cash"
                    ]
                  }
                ],
                "impact": "serious",
                "message": "Element has insufficient color contrast of 4.49 (foreground color: #77766d, background color: #fdfdfd, font size: 9.4pt (12.48px), font weight: normal). Expected contrast ratio of 4.5:1"
              }
            ],
            "all": [],
            "none": [],
            "impact": "serious",
            "html": "<span data-metric=\"approved-wip\" class=\"svelte-102c35v\">Approved unbilled WIP: <strong class=\"svelte-102c35v\">$13,150.00</strong></span>",
            "target": [
              "span[data-metric=\"approved-wip\"]"
            ],
            "failureSummary": "Fix any of the following:\n  Element has insufficient color contrast of 4.49 (foreground color: #77766d, background color: #fdfdfd, font size: 9.4pt (12.48px), font weight: normal). Expected contrast ratio of 4.5:1"
          },
          {
            "any": [
              {
                "id": "color-contrast",
                "data": {
                  "fgColor": "#77766d",
                  "bgColor": "#fdfdfd",
                  "contrastRatio": 4.49,
                  "fontSize": "9.4pt (12.48px)",
                  "fontWeight": "normal",
                  "messageKey": null,
                  "expectedContrastRatio": "4.5:1"
                },
                "relatedNodes": [
                  {
                    "html": "<div class=\"finance-overview__cash svelte-102c35v\" aria-label=\"Cash and liquidity\">",
                    "target": [
                      ".finance-overview__cash"
                    ]
                  }
                ],
                "impact": "serious",
                "message": "Element has insufficient color contrast of 4.49 (foreground color: #77766d, background color: #fdfdfd, font size: 9.4pt (12.48px), font weight: normal). Expected contrast ratio of 4.5:1"
              }
            ],
            "all": [],
            "none": [],
            "impact": "serious",
            "html": "<span data-metric=\"revenue-candidate\" class=\"svelte-102c35v\">Revenue candidate: <strong class=\"svelte-102c35v\">$18,400.00</strong></span>",
            "target": [
              "span[data-metric=\"revenue-candidate\"]"
            ],
            "failureSummary": "Fix any of the following:\n  Element has insufficient color contrast of 4.49 (foreground color: #77766d, background color: #fdfdfd, font size: 9.4pt (12.48px), font weight: normal). Expected contrast ratio of 4.5:1"
          }
        ]
      }
    ]

    expect(received).toEqual(expected) // deep equality

    - Expected  -   1
    + Received  + 163

    - Array []
    + Array [
    +   Object {
    +     "description": "Ensure the contrast between foreground and background colors meets WCAG 2 AA minimum contrast ratio thresholds",
    +     "help": "Elements must meet minimum color contrast ratio thresholds",
    +     "helpUrl": "https://dequeuniversity.com/rules/axe/4.13/color-contrast?application=playwright",
    +     "id": "color-contrast",
    +     "impact": "serious",
    +     "nodes": Array [
    +       Object {
    +         "all": Array [],
    +         "any": Array [
    +           Object {
    +             "data": Object {
    +               "bgColor": "#fdfdfd",
    +               "contrastRatio": 4.49,
    +               "expectedContrastRatio": "4.5:1",
    +               "fgColor": "#77766d",
    +               "fontSize": "9.4pt (12.48px)",
    +               "fontWeight": "normal",
    +               "messageKey": null,
    +             },
    +             "id": "color-contrast",
    +             "impact": "serious",
    +             "message": "Element has insufficient color contrast of 4.49 (foreground color: #77766d, background color: #fdfdfd, font size: 9.4pt (12.48px), font weight: normal). Expected contrast ratio of 4.5:1",
    +             "relatedNodes": Array [
    +               Object {
    +                 "html": "<div class=\"finance-overview__cash svelte-102c35v\" aria-label=\"Cash and liquidity\">",
    +                 "target": Array [
    +                   ".finance-overview__cash",
    +                 ],
    +               },
    +             ],
    +           },
    +         ],
    +         "failureSummary": "Fix any of the following:
    +   Element has insufficient color contrast of 4.49 (foreground color: #77766d, background color: #fdfdfd, font size: 9.4pt (12.48px), font weight: normal). Expected contrast ratio of 4.5:1",
    +         "html": "<a class=\"finance-overview__cash-link svelte-102c35v\" href=\"/j-aautomation/app/ledger?project=01a0c5e3-0505-7578-97ed-4c3805c8a913&amp;status=collected\" data-metric=\"collected\">Collected (actual): <strong class=\"svelte-102c35v\">$0.00</strong></a>",
    +         "impact": "serious",
    +         "none": Array [],
    +         "target": Array [
    +           "a[data-metric=\"collected\"]",
    +         ],
    +       },
    +       Object {
    +         "all": Array [],
    +         "any": Array [
    +           Object {
    +             "data": Object {
    +               "bgColor": "#fdfdfd",
    +               "contrastRatio": 4.49,
    +               "expectedContrastRatio": "4.5:1",
    +               "fgColor": "#77766d",
    +               "fontSize": "9.4pt (12.48px)",
    +               "fontWeight": "normal",
    +               "messageKey": null,
    +             },
    +             "id": "color-contrast",
    +             "impact": "serious",
    +             "message": "Element has insufficient color contrast of 4.49 (foreground color: #77766d, background color: #fdfdfd, font size: 9.4pt (12.48px), font weight: normal). Expected contrast ratio of 4.5:1",
    +             "relatedNodes": Array [
    +               Object {
    +                 "html": "<div class=\"finance-overview__cash svelte-102c35v\" aria-label=\"Cash and liquidity\">",
    +                 "target": Array [
    +                   ".finance-overview__cash",
    +                 ],
    +               },
    +             ],
    +           },
    +         ],
    +         "failureSummary": "Fix any of the following:
    +   Element has insufficient color contrast of 4.49 (foreground color: #77766d, background color: #fdfdfd, font size: 9.4pt (12.48px), font weight: normal). Expected contrast ratio of 4.5:1",
    +         "html": "<a class=\"finance-overview__cash-link svelte-102c35v\" href=\"/j-aautomation/app/ledger?project=01a0c5e3-0505-7578-97ed-4c3805c8a913&amp;status=outstanding\" data-metric=\"outstanding\">Outstanding (actual): <strong class=\"svelte-102c35v\">$0.00</strong></a>",
    +         "impact": "serious",
    +         "none": Array [],
    +         "target": Array [
    +           "a[data-metric=\"outstanding\"]",
    +         ],
    +       },
    +       Object {
    +         "all": Array [],
    +         "any": Array [
    +           Object {
    +             "data": Object {
    +               "bgColor": "#fdfdfd",
    +               "contrastRatio": 4.49,
    +               "expectedContrastRatio": "4.5:1",
    +               "fgColor": "#77766d",
    +               "fontSize": "9.4pt (12.48px)",
    +               "fontWeight": "normal",
    +               "messageKey": null,
    +             },
    +             "id": "color-contrast",
    +             "impact": "serious",
    +             "message": "Element has insufficient color contrast of 4.49 (foreground color: #77766d, background color: #fdfdfd, font size: 9.4pt (12.48px), font weight: normal). Expected contrast ratio of 4.5:1",
    +             "relatedNodes": Array [
    +               Object {
    +                 "html": "<div class=\"finance-overview__cash svelte-102c35v\" aria-label=\"Cash and liquidity\">",
    +                 "target": Array [
    +                   ".finance-overview__cash",
    +                 ],
    +               },
    +             ],
    +           },
    +         ],
    +         "failureSummary": "Fix any of the following:
    +   Element has insufficient color contrast of 4.49 (foreground color: #77766d, background color: #fdfdfd, font size: 9.4pt (12.48px), font weight: normal). Expected contrast ratio of 4.5:1",
    +         "html": "<span data-metric=\"approved-wip\" class=\"svelte-102c35v\">Approved unbilled WIP: <strong class=\"svelte-102c35v\">$13,150.00</strong></span>",
    +         "impact": "serious",
    +         "none": Array [],
    +         "target": Array [
    +           "span[data-metric=\"approved-wip\"]",
    +         ],
    +       },
    +       Object {
    +         "all": Array [],
    +         "any": Array [
    +           Object {
    +             "data": Object {
    +               "bgColor": "#fdfdfd",
    +               "contrastRatio": 4.49,
    +               "expectedContrastRatio": "4.5:1",
    +               "fgColor": "#77766d",
    +               "fontSize": "9.4pt (12.48px)",
    +               "fontWeight": "normal",
    +               "messageKey": null,
    +             },
    +             "id": "color-contrast",
    +             "impact": "serious",
    +             "message": "Element has insufficient color contrast of 4.49 (foreground color: #77766d, background color: #fdfdfd, font size: 9.4pt (12.48px), font weight: normal). Expected contrast ratio of 4.5:1",
    +             "relatedNodes": Array [
    +               Object {
    +                 "html": "<div class=\"finance-overview__cash svelte-102c35v\" aria-label=\"Cash and liquidity\">",
    +                 "target": Array [
    +                   ".finance-overview__cash",
    +                 ],
    +               },
    +             ],
    +           },
    +         ],
    +         "failureSummary": "Fix any of the following:
    +   Element has insufficient color contrast of 4.49 (foreground color: #77766d, background color: #fdfdfd, font size: 9.4pt (12.48px), font weight: normal). Expected contrast ratio of 4.5:1",
    +         "html": "<span data-metric=\"revenue-candidate\" class=\"svelte-102c35v\">Revenue candidate: <strong class=\"svelte-102c35v\">$18,400.00</strong></span>",
    +         "impact": "serious",
    +         "none": Array [],
    +         "target": Array [
    +           "span[data-metric=\"revenue-candidate\"]",
    +         ],
    +       },
    +     ],
    +     "tags": Array [
    +       "cat.color",
    +       "wcag2aa",
    +       "wcag143",
    +       "TTv5",
    +       "TT13.c",
    +       "EN-301-549",
    +       "EN-9.1.4.3",
    +       "ACT",
    +       "RGAAv4",
    +       "RGAA-3.2.1",
    +     ],
    +   },
    + ]

      138 |     .withTags(['wcag2a', 'wcag2aa', 'wcag21aa'])
      139 |     .analyze();
    > 140 |   expect(result.violations, `${context}: ${JSON.stringify(result.violations, null, 2)}`).toEqual(
          |                                                                                          ^
      141 |     [],
      142 |   );
      143 | }
        at expectNoAxeViolations (/home/kripta/ja-automation-platform-vps-hotfix/tests/e2e/ui-multirole-accessibility-matrix.spec.ts:140:90)
        at expectRoleNavigation (/home/kripta/ja-automation-platform-vps-hotfix/tests/e2e/ui-multirole-accessibility-matrix.spec.ts:312:5)
        at /home/kripta/ja-automation-platform-vps-hotfix/tests/e2e/ui-multirole-accessibility-matrix.spec.ts:443:5

    Error Context: test-results/ui-multirole-accessibility-59858-ponsive-and-keyboard-matrix-phone-360/error-context.md

    attachment #2: trace (application/zip) ─────────────────────────────────────────────────────────
    test-results/ui-multirole-accessibility-59858-ponsive-and-keyboard-matrix-phone-360/trace.zip
    Usage:

        pnpm exec playwright show-trace test-results/ui-multirole-accessibility-59858-ponsive-and-keyboard-matrix-phone-360/trace.zip

    ────────────────────────────────────────────────────────────────────────────────────────────────

  4) [phone-360] › tests/e2e/ui-multirole-accessibility-matrix.spec.ts:429:3 › owner Client Essential surfaces pass axe, responsive and keyboard matrix 

    Error: owner phone-360 /projects?view=team: [
      {
        "id": "color-contrast",
        "impact": "serious",
        "tags": [
          "cat.color",
          "wcag2aa",
          "wcag143",
          "TTv5",
          "TT13.c",
          "EN-301-549",
          "EN-9.1.4.3",
          "ACT",
          "RGAAv4",
          "RGAA-3.2.1"
        ],
        "description": "Ensure the contrast between foreground and background colors meets WCAG 2 AA minimum contrast ratio thresholds",
        "help": "Elements must meet minimum color contrast ratio thresholds",
        "helpUrl": "https://dequeuniversity.com/rules/axe/4.13/color-contrast?application=playwright",
        "nodes": [
          {
            "any": [
              {
                "id": "color-contrast",
                "data": {
                  "fgColor": "#77766d",
                  "bgColor": "#fdfdfd",
                  "contrastRatio": 4.49,
                  "fontSize": "8.6pt (11.52px)",
                  "fontWeight": "bold",
                  "messageKey": null,
                  "expectedContrastRatio": "4.5:1"
                },
                "relatedNodes": [
                  {
                    "html": "<section class=\"team-directory__provisioning svelte-1ex39d0\" aria-labelledby=\"team-create-user-title\">",
                    "target": [
                      ".team-directory__provisioning"
                    ]
                  }
                ],
                "impact": "serious",
                "message": "Element has insufficient color contrast of 4.49 (foreground color: #77766d, background color: #fdfdfd, font size: 8.6pt (11.52px), font weight: bold). Expected contrast ratio of 4.5:1"
              }
            ],
            "all": [],
            "none": [],
            "impact": "serious",
            "html": "<p class=\"team-directory__eyebrow svelte-1ex39d0\">SECURE USER PROVISIONING</p>",
            "target": [
              ".team-directory__provisioning-heading > div > .team-directory__eyebrow"
            ],
            "failureSummary": "Fix any of the following:\n  Element has insufficient color contrast of 4.49 (foreground color: #77766d, background color: #fdfdfd, font size: 8.6pt (11.52px), font weight: bold). Expected contrast ratio of 4.5:1"
          }
        ]
      }
    ]

    expect(received).toEqual(expected) // deep equality

    - Expected  -  1
    + Received  + 58

    - Array []
    + Array [
    +   Object {
    +     "description": "Ensure the contrast between foreground and background colors meets WCAG 2 AA minimum contrast ratio thresholds",
    +     "help": "Elements must meet minimum color contrast ratio thresholds",
    +     "helpUrl": "https://dequeuniversity.com/rules/axe/4.13/color-contrast?application=playwright",
    +     "id": "color-contrast",
    +     "impact": "serious",
    +     "nodes": Array [
    +       Object {
    +         "all": Array [],
    +         "any": Array [
    +           Object {
    +             "data": Object {
    +               "bgColor": "#fdfdfd",
    +               "contrastRatio": 4.49,
    +               "expectedContrastRatio": "4.5:1",
    +               "fgColor": "#77766d",
    +               "fontSize": "8.6pt (11.52px)",
    +               "fontWeight": "bold",
    +               "messageKey": null,
    +             },
    +             "id": "color-contrast",
    +             "impact": "serious",
    +             "message": "Element has insufficient color contrast of 4.49 (foreground color: #77766d, background color: #fdfdfd, font size: 8.6pt (11.52px), font weight: bold). Expected contrast ratio of 4.5:1",
    +             "relatedNodes": Array [
    +               Object {
    +                 "html": "<section class=\"team-directory__provisioning svelte-1ex39d0\" aria-labelledby=\"team-create-user-title\">",
    +                 "target": Array [
    +                   ".team-directory__provisioning",
    +                 ],
    +               },
    +             ],
    +           },
    +         ],
    +         "failureSummary": "Fix any of the following:
    +   Element has insufficient color contrast of 4.49 (foreground color: #77766d, background color: #fdfdfd, font size: 8.6pt (11.52px), font weight: bold). Expected contrast ratio of 4.5:1",
    +         "html": "<p class=\"team-directory__eyebrow svelte-1ex39d0\">SECURE USER PROVISIONING</p>",
    +         "impact": "serious",
    +         "none": Array [],
    +         "target": Array [
    +           ".team-directory__provisioning-heading > div > .team-directory__eyebrow",
    +         ],
    +       },
    +     ],
    +     "tags": Array [
    +       "cat.color",
    +       "wcag2aa",
    +       "wcag143",
    +       "TTv5",
    +       "TT13.c",
    +       "EN-301-549",
    +       "EN-9.1.4.3",
    +       "ACT",
    +       "RGAAv4",
    +       "RGAA-3.2.1",
    +     ],
    +   },
    + ]

      138 |     .withTags(['wcag2a', 'wcag2aa', 'wcag21aa'])
      139 |     .analyze();
    > 140 |   expect(result.violations, `${context}: ${JSON.stringify(result.violations, null, 2)}`).toEqual(
          |                                                                                          ^
      141 |     [],
      142 |   );
      143 | }
        at expectNoAxeViolations (/home/kripta/ja-automation-platform-vps-hotfix/tests/e2e/ui-multirole-accessibility-matrix.spec.ts:140:90)
        at /home/kripta/ja-automation-platform-vps-hotfix/tests/e2e/ui-multirole-accessibility-matrix.spec.ts:452:7

    Error Context: test-results/ui-multirole-accessibility-f3610-ponsive-and-keyboard-matrix-phone-360/error-context.md

    attachment #2: trace (application/zip) ─────────────────────────────────────────────────────────
    test-results/ui-multirole-accessibility-f3610-ponsive-and-keyboard-matrix-phone-360/trace.zip
    Usage:

        pnpm exec playwright show-trace test-results/ui-multirole-accessibility-f3610-ponsive-and-keyboard-matrix-phone-360/trace.zip

    ────────────────────────────────────────────────────────────────────────────────────────────────

  5) [phone-360] › tests/e2e/ui-multirole-accessibility-matrix.spec.ts:429:3 › auditor Client Essential surfaces pass axe, responsive and keyboard matrix 

    Error: auditor open navigation: [
      {
        "id": "color-contrast",
        "impact": "serious",
        "tags": [
          "cat.color",
          "wcag2aa",
          "wcag143",
          "TTv5",
          "TT13.c",
          "EN-301-549",
          "EN-9.1.4.3",
          "ACT",
          "RGAAv4",
          "RGAA-3.2.1"
        ],
        "description": "Ensure the contrast between foreground and background colors meets WCAG 2 AA minimum contrast ratio thresholds",
        "help": "Elements must meet minimum color contrast ratio thresholds",
        "helpUrl": "https://dequeuniversity.com/rules/axe/4.13/color-contrast?application=playwright",
        "nodes": [
          {
            "any": [
              {
                "id": "color-contrast",
                "data": {
                  "fgColor": "#77766d",
                  "bgColor": "#fdfdfd",
                  "contrastRatio": 4.49,
                  "fontSize": "9.4pt (12.48px)",
                  "fontWeight": "normal",
                  "messageKey": null,
                  "expectedContrastRatio": "4.5:1"
                },
                "relatedNodes": [
                  {
                    "html": "<div class=\"finance-overview__cash svelte-102c35v\" aria-label=\"Cash and liquidity\">",
                    "target": [
                      ".finance-overview__cash"
                    ]
                  }
                ],
                "impact": "serious",
                "message": "Element has insufficient color contrast of 4.49 (foreground color: #77766d, background color: #fdfdfd, font size: 9.4pt (12.48px), font weight: normal). Expected contrast ratio of 4.5:1"
              }
            ],
            "all": [],
            "none": [],
            "impact": "serious",
            "html": "<a class=\"finance-overview__cash-link svelte-102c35v\" href=\"/j-aautomation/app/ledger?project=01a0c5e3-0505-7578-97ed-4c3805c8a913&amp;status=collected\" data-metric=\"collected\">Collected (actual): <strong class=\"svelte-102c35v\">$0.00</strong></a>",
            "target": [
              "a[data-metric=\"collected\"]"
            ],
            "failureSummary": "Fix any of the following:\n  Element has insufficient color contrast of 4.49 (foreground color: #77766d, background color: #fdfdfd, font size: 9.4pt (12.48px), font weight: normal). Expected contrast ratio of 4.5:1"
          },
          {
            "any": [
              {
                "id": "color-contrast",
                "data": {
                  "fgColor": "#77766d",
                  "bgColor": "#fdfdfd",
                  "contrastRatio": 4.49,
                  "fontSize": "9.4pt (12.48px)",
                  "fontWeight": "normal",
                  "messageKey": null,
                  "expectedContrastRatio": "4.5:1"
                },
                "relatedNodes": [
                  {
                    "html": "<div class=\"finance-overview__cash svelte-102c35v\" aria-label=\"Cash and liquidity\">",
                    "target": [
                      ".finance-overview__cash"
                    ]
                  }
                ],
                "impact": "serious",
                "message": "Element has insufficient color contrast of 4.49 (foreground color: #77766d, background color: #fdfdfd, font size: 9.4pt (12.48px), font weight: normal). Expected contrast ratio of 4.5:1"
              }
            ],
            "all": [],
            "none": [],
            "impact": "serious",
            "html": "<a class=\"finance-overview__cash-link svelte-102c35v\" href=\"/j-aautomation/app/ledger?project=01a0c5e3-0505-7578-97ed-4c3805c8a913&amp;status=outstanding\" data-metric=\"outstanding\">Outstanding (actual): <strong class=\"svelte-102c35v\">$0.00</strong></a>",
            "target": [
              "a[data-metric=\"outstanding\"]"
            ],
            "failureSummary": "Fix any of the following:\n  Element has insufficient color contrast of 4.49 (foreground color: #77766d, background color: #fdfdfd, font size: 9.4pt (12.48px), font weight: normal). Expected contrast ratio of 4.5:1"
          },
          {
            "any": [
              {
                "id": "color-contrast",
                "data": {
                  "fgColor": "#77766d",
                  "bgColor": "#fdfdfd",
                  "contrastRatio": 4.49,
                  "fontSize": "9.4pt (12.48px)",
                  "fontWeight": "normal",
                  "messageKey": null,
                  "expectedContrastRatio": "4.5:1"
                },
                "relatedNodes": [
                  {
                    "html": "<div class=\"finance-overview__cash svelte-102c35v\" aria-label=\"Cash and liquidity\">",
                    "target": [
                      ".finance-overview__cash"
                    ]
                  }
                ],
                "impact": "serious",
                "message": "Element has insufficient color contrast of 4.49 (foreground color: #77766d, background color: #fdfdfd, font size: 9.4pt (12.48px), font weight: normal). Expected contrast ratio of 4.5:1"
              }
            ],
            "all": [],
            "none": [],
            "impact": "serious",
            "html": "<span data-metric=\"approved-wip\" class=\"svelte-102c35v\">Approved unbilled WIP: <strong class=\"svelte-102c35v\">$13,150.00</strong></span>",
            "target": [
              "span[data-metric=\"approved-wip\"]"
            ],
            "failureSummary": "Fix any of the following:\n  Element has insufficient color contrast of 4.49 (foreground color: #77766d, background color: #fdfdfd, font size: 9.4pt (12.48px), font weight: normal). Expected contrast ratio of 4.5:1"
          },
          {
            "any": [
              {
                "id": "color-contrast",
                "data": {
                  "fgColor": "#77766d",
                  "bgColor": "#fdfdfd",
                  "contrastRatio": 4.49,
                  "fontSize": "9.4pt (12.48px)",
                  "fontWeight": "normal",
                  "messageKey": null,
                  "expectedContrastRatio": "4.5:1"
                },
                "relatedNodes": [
                  {
                    "html": "<div class=\"finance-overview__cash svelte-102c35v\" aria-label=\"Cash and liquidity\">",
                    "target": [
                      ".finance-overview__cash"
                    ]
                  }
                ],
                "impact": "serious",
                "message": "Element has insufficient color contrast of 4.49 (foreground color: #77766d, background color: #fdfdfd, font size: 9.4pt (12.48px), font weight: normal). Expected contrast ratio of 4.5:1"
              }
            ],
            "all": [],
            "none": [],
            "impact": "serious",
            "html": "<span data-metric=\"revenue-candidate\" class=\"svelte-102c35v\">Revenue candidate: <strong class=\"svelte-102c35v\">$18,400.00</strong></span>",
            "target": [
              "span[data-metric=\"revenue-candidate\"]"
            ],
            "failureSummary": "Fix any of the following:\n  Element has insufficient color contrast of 4.49 (foreground color: #77766d, background color: #fdfdfd, font size: 9.4pt (12.48px), font weight: normal). Expected contrast ratio of 4.5:1"
          }
        ]
      }
    ]

    expect(received).toEqual(expected) // deep equality

    - Expected  -   1
    + Received  + 163

    - Array []
    + Array [
    +   Object {
    +     "description": "Ensure the contrast between foreground and background colors meets WCAG 2 AA minimum contrast ratio thresholds",
    +     "help": "Elements must meet minimum color contrast ratio thresholds",
    +     "helpUrl": "https://dequeuniversity.com/rules/axe/4.13/color-contrast?application=playwright",
    +     "id": "color-contrast",
    +     "impact": "serious",
    +     "nodes": Array [
    +       Object {
    +         "all": Array [],
    +         "any": Array [
    +           Object {
    +             "data": Object {
    +               "bgColor": "#fdfdfd",
    +               "contrastRatio": 4.49,
    +               "expectedContrastRatio": "4.5:1",
    +               "fgColor": "#77766d",
    +               "fontSize": "9.4pt (12.48px)",
    +               "fontWeight": "normal",
    +               "messageKey": null,
    +             },
    +             "id": "color-contrast",
    +             "impact": "serious",
    +             "message": "Element has insufficient color contrast of 4.49 (foreground color: #77766d, background color: #fdfdfd, font size: 9.4pt (12.48px), font weight: normal). Expected contrast ratio of 4.5:1",
    +             "relatedNodes": Array [
    +               Object {
    +                 "html": "<div class=\"finance-overview__cash svelte-102c35v\" aria-label=\"Cash and liquidity\">",
    +                 "target": Array [
    +                   ".finance-overview__cash",
    +                 ],
    +               },
    +             ],
    +           },
    +         ],
    +         "failureSummary": "Fix any of the following:
    +   Element has insufficient color contrast of 4.49 (foreground color: #77766d, background color: #fdfdfd, font size: 9.4pt (12.48px), font weight: normal). Expected contrast ratio of 4.5:1",
    +         "html": "<a class=\"finance-overview__cash-link svelte-102c35v\" href=\"/j-aautomation/app/ledger?project=01a0c5e3-0505-7578-97ed-4c3805c8a913&amp;status=collected\" data-metric=\"collected\">Collected (actual): <strong class=\"svelte-102c35v\">$0.00</strong></a>",
    +         "impact": "serious",
    +         "none": Array [],
    +         "target": Array [
    +           "a[data-metric=\"collected\"]",
    +         ],
    +       },
    +       Object {
    +         "all": Array [],
    +         "any": Array [
    +           Object {
    +             "data": Object {
    +               "bgColor": "#fdfdfd",
    +               "contrastRatio": 4.49,
    +               "expectedContrastRatio": "4.5:1",
    +               "fgColor": "#77766d",
    +               "fontSize": "9.4pt (12.48px)",
    +               "fontWeight": "normal",
    +               "messageKey": null,
    +             },
    +             "id": "color-contrast",
    +             "impact": "serious",
    +             "message": "Element has insufficient color contrast of 4.49 (foreground color: #77766d, background color: #fdfdfd, font size: 9.4pt (12.48px), font weight: normal). Expected contrast ratio of 4.5:1",
    +             "relatedNodes": Array [
    +               Object {
    +                 "html": "<div class=\"finance-overview__cash svelte-102c35v\" aria-label=\"Cash and liquidity\">",
    +                 "target": Array [
    +                   ".finance-overview__cash",
    +                 ],
    +               },
    +             ],
    +           },
    +         ],
    +         "failureSummary": "Fix any of the following:
    +   Element has insufficient color contrast of 4.49 (foreground color: #77766d, background color: #fdfdfd, font size: 9.4pt (12.48px), font weight: normal). Expected contrast ratio of 4.5:1",
    +         "html": "<a class=\"finance-overview__cash-link svelte-102c35v\" href=\"/j-aautomation/app/ledger?project=01a0c5e3-0505-7578-97ed-4c3805c8a913&amp;status=outstanding\" data-metric=\"outstanding\">Outstanding (actual): <strong class=\"svelte-102c35v\">$0.00</strong></a>",
    +         "impact": "serious",
    +         "none": Array [],
    +         "target": Array [
    +           "a[data-metric=\"outstanding\"]",
    +         ],
    +       },
    +       Object {
    +         "all": Array [],
    +         "any": Array [
    +           Object {
    +             "data": Object {
    +               "bgColor": "#fdfdfd",
    +               "contrastRatio": 4.49,
    +               "expectedContrastRatio": "4.5:1",
    +               "fgColor": "#77766d",
    +               "fontSize": "9.4pt (12.48px)",
    +               "fontWeight": "normal",
    +               "messageKey": null,
    +             },
    +             "id": "color-contrast",
    +             "impact": "serious",
    +             "message": "Element has insufficient color contrast of 4.49 (foreground color: #77766d, background color: #fdfdfd, font size: 9.4pt (12.48px), font weight: normal). Expected contrast ratio of 4.5:1",
    +             "relatedNodes": Array [
    +               Object {
    +                 "html": "<div class=\"finance-overview__cash svelte-102c35v\" aria-label=\"Cash and liquidity\">",
    +                 "target": Array [
    +                   ".finance-overview__cash",
    +                 ],
    +               },
    +             ],
    +           },
    +         ],
    +         "failureSummary": "Fix any of the following:
    +   Element has insufficient color contrast of 4.49 (foreground color: #77766d, background color: #fdfdfd, font size: 9.4pt (12.48px), font weight: normal). Expected contrast ratio of 4.5:1",
    +         "html": "<span data-metric=\"approved-wip\" class=\"svelte-102c35v\">Approved unbilled WIP: <strong class=\"svelte-102c35v\">$13,150.00</strong></span>",
    +         "impact": "serious",
    +         "none": Array [],
    +         "target": Array [
    +           "span[data-metric=\"approved-wip\"]",
    +         ],
    +       },
    +       Object {
    +         "all": Array [],
    +         "any": Array [
    +           Object {
    +             "data": Object {
    +               "bgColor": "#fdfdfd",
    +               "contrastRatio": 4.49,
    +               "expectedContrastRatio": "4.5:1",
    +               "fgColor": "#77766d",
    +               "fontSize": "9.4pt (12.48px)",
    +               "fontWeight": "normal",
    +               "messageKey": null,
    +             },
    +             "id": "color-contrast",
    +             "impact": "serious",
    +             "message": "Element has insufficient color contrast of 4.49 (foreground color: #77766d, background color: #fdfdfd, font size: 9.4pt (12.48px), font weight: normal). Expected contrast ratio of 4.5:1",
    +             "relatedNodes": Array [
    +               Object {
    +                 "html": "<div class=\"finance-overview__cash svelte-102c35v\" aria-label=\"Cash and liquidity\">",
    +                 "target": Array [
    +                   ".finance-overview__cash",
    +                 ],
    +               },
    +             ],
    +           },
    +         ],
    +         "failureSummary": "Fix any of the following:
    +   Element has insufficient color contrast of 4.49 (foreground color: #77766d, background color: #fdfdfd, font size: 9.4pt (12.48px), font weight: normal). Expected contrast ratio of 4.5:1",
    +         "html": "<span data-metric=\"revenue-candidate\" class=\"svelte-102c35v\">Revenue candidate: <strong class=\"svelte-102c35v\">$18,400.00</strong></span>",
    +         "impact": "serious",
    +         "none": Array [],
    +         "target": Array [
    +           "span[data-metric=\"revenue-candidate\"]",
    +         ],
    +       },
    +     ],
    +     "tags": Array [
    +       "cat.color",
    +       "wcag2aa",
    +       "wcag143",
    +       "TTv5",
    +       "TT13.c",
    +       "EN-301-549",
    +       "EN-9.1.4.3",
    +       "ACT",
    +       "RGAAv4",
    +       "RGAA-3.2.1",
    +     ],
    +   },
    + ]

      138 |     .withTags(['wcag2a', 'wcag2aa', 'wcag21aa'])
      139 |     .analyze();
    > 140 |   expect(result.violations, `${context}: ${JSON.stringify(result.violations, null, 2)}`).toEqual(
          |                                                                                          ^
      141 |     [],
      142 |   );
      143 | }
        at expectNoAxeViolations (/home/kripta/ja-automation-platform-vps-hotfix/tests/e2e/ui-multirole-accessibility-matrix.spec.ts:140:90)
        at expectRoleNavigation (/home/kripta/ja-automation-platform-vps-hotfix/tests/e2e/ui-multirole-accessibility-matrix.spec.ts:312:5)
        at /home/kripta/ja-automation-platform-vps-hotfix/tests/e2e/ui-multirole-accessibility-matrix.spec.ts:443:5

    Error Context: test-results/ui-multirole-accessibility-eae50-ponsive-and-keyboard-matrix-phone-360/error-context.md

    attachment #2: trace (application/zip) ─────────────────────────────────────────────────────────
    test-results/ui-multirole-accessibility-eae50-ponsive-and-keyboard-matrix-phone-360/trace.zip
    Usage:

        pnpm exec playwright show-trace test-results/ui-multirole-accessibility-eae50-ponsive-and-keyboard-matrix-phone-360/trace.zip

    ────────────────────────────────────────────────────────────────────────────────────────────────

  6) [phone-390] › tests/e2e/ui-multirole-accessibility-matrix.spec.ts:429:3 › worker Client Essential surfaces pass axe, responsive and keyboard matrix 

    Error: worker phone-390 /expenses: [
      {
        "id": "color-contrast",
        "impact": "serious",
        "tags": [
          "cat.color",
          "wcag2aa",
          "wcag143",
          "TTv5",
          "TT13.c",
          "EN-301-549",
          "EN-9.1.4.3",
          "ACT",
          "RGAAv4",
          "RGAA-3.2.1"
        ],
        "description": "Ensure the contrast between foreground and background colors meets WCAG 2 AA minimum contrast ratio thresholds",
        "help": "Elements must meet minimum color contrast ratio thresholds",
        "helpUrl": "https://dequeuniversity.com/rules/axe/4.13/color-contrast?application=playwright",
        "nodes": [
          {
            "any": [
              {
                "id": "color-contrast",
                "data": {
                  "fgColor": "#77766d",
                  "bgColor": "#fbfbfa",
                  "contrastRatio": 4.41,
                  "fontSize": "10.3pt (13.76px)",
                  "fontWeight": "normal",
                  "messageKey": null,
                  "expectedContrastRatio": "4.5:1"
                },
                "relatedNodes": [
                  {
                    "html": "<section class=\"expense-export-panel svelte-90hvho\" aria-labelledby=\"expense-filtered-export-title\">",
                    "target": [
                      "section[aria-labelledby=\"expense-filtered-export-title\"]"
                    ]
                  }
                ],
                "impact": "serious",
                "message": "Element has insufficient color contrast of 4.41 (foreground color: #77766d, background color: #fbfbfa, font size: 10.3pt (13.76px), font weight: normal). Expected contrast ratio of 4.5:1"
              }
            ],
            "all": [],
            "none": [],
            "impact": "serious",
            "html": "<p class=\"svelte-90hvho\">Download exactly the expenses currently selected by the register filters.</p>",
            "target": [
              "section[aria-labelledby=\"expense-filtered-export-title\"] > div:nth-child(1) > p"
            ],
            "failureSummary": "Fix any of the following:\n  Element has insufficient color contrast of 4.41 (foreground color: #77766d, background color: #fbfbfa, font size: 10.3pt (13.76px), font weight: normal). Expected contrast ratio of 4.5:1"
          },
          {
            "any": [
              {
                "id": "color-contrast",
                "data": {
                  "fgColor": "#77766d",
                  "bgColor": "#fbfbfa",
                  "contrastRatio": 4.41,
                  "fontSize": "10.3pt (13.76px)",
                  "fontWeight": "normal",
                  "messageKey": null,
                  "expectedContrastRatio": "4.5:1"
                },
                "relatedNodes": [
                  {
                    "html": "<section class=\"expense-export-panel svelte-90hvho\" aria-labelledby=\"expense-export-title\">",
                    "target": [
                      "section[aria-labelledby=\"expense-export-title\"]"
                    ]
                  }
                ],
                "impact": "serious",
                "message": "Element has insufficient color contrast of 4.41 (foreground color: #77766d, background color: #fbfbfa, font size: 10.3pt (13.76px), font weight: normal). Expected contrast ratio of 4.5:1"
              }
            ],
            "all": [],
            "none": [],
            "impact": "serious",
            "html": "<p class=\"svelte-90hvho\">Choose a separate period and scope without changing the register above.</p>",
            "target": [
              "section[aria-labelledby=\"expense-export-title\"] > div:nth-child(1) > p"
            ],
            "failureSummary": "Fix any of the following:\n  Element has insufficient color contrast of 4.41 (foreground color: #77766d, background color: #fbfbfa, font size: 10.3pt (13.76px), font weight: normal). Expected contrast ratio of 4.5:1"
          }
        ]
      }
    ]

    expect(received).toEqual(expected) // deep equality

    - Expected  -  1
    + Received  + 93

    - Array []
    + Array [
    +   Object {
    +     "description": "Ensure the contrast between foreground and background colors meets WCAG 2 AA minimum contrast ratio thresholds",
    +     "help": "Elements must meet minimum color contrast ratio thresholds",
    +     "helpUrl": "https://dequeuniversity.com/rules/axe/4.13/color-contrast?application=playwright",
    +     "id": "color-contrast",
    +     "impact": "serious",
    +     "nodes": Array [
    +       Object {
    +         "all": Array [],
    +         "any": Array [
    +           Object {
    +             "data": Object {
    +               "bgColor": "#fbfbfa",
    +               "contrastRatio": 4.41,
    +               "expectedContrastRatio": "4.5:1",
    +               "fgColor": "#77766d",
    +               "fontSize": "10.3pt (13.76px)",
    +               "fontWeight": "normal",
    +               "messageKey": null,
    +             },
    +             "id": "color-contrast",
    +             "impact": "serious",
    +             "message": "Element has insufficient color contrast of 4.41 (foreground color: #77766d, background color: #fbfbfa, font size: 10.3pt (13.76px), font weight: normal). Expected contrast ratio of 4.5:1",
    +             "relatedNodes": Array [
    +               Object {
    +                 "html": "<section class=\"expense-export-panel svelte-90hvho\" aria-labelledby=\"expense-filtered-export-title\">",
    +                 "target": Array [
    +                   "section[aria-labelledby=\"expense-filtered-export-title\"]",
    +                 ],
    +               },
    +             ],
    +           },
    +         ],
    +         "failureSummary": "Fix any of the following:
    +   Element has insufficient color contrast of 4.41 (foreground color: #77766d, background color: #fbfbfa, font size: 10.3pt (13.76px), font weight: normal). Expected contrast ratio of 4.5:1",
    +         "html": "<p class=\"svelte-90hvho\">Download exactly the expenses currently selected by the register filters.</p>",
    +         "impact": "serious",
    +         "none": Array [],
    +         "target": Array [
    +           "section[aria-labelledby=\"expense-filtered-export-title\"] > div:nth-child(1) > p",
    +         ],
    +       },
    +       Object {
    +         "all": Array [],
    +         "any": Array [
    +           Object {
    +             "data": Object {
    +               "bgColor": "#fbfbfa",
    +               "contrastRatio": 4.41,
    +               "expectedContrastRatio": "4.5:1",
    +               "fgColor": "#77766d",
    +               "fontSize": "10.3pt (13.76px)",
    +               "fontWeight": "normal",
    +               "messageKey": null,
    +             },
    +             "id": "color-contrast",
    +             "impact": "serious",
    +             "message": "Element has insufficient color contrast of 4.41 (foreground color: #77766d, background color: #fbfbfa, font size: 10.3pt (13.76px), font weight: normal). Expected contrast ratio of 4.5:1",
    +             "relatedNodes": Array [
    +               Object {
    +                 "html": "<section class=\"expense-export-panel svelte-90hvho\" aria-labelledby=\"expense-export-title\">",
    +                 "target": Array [
    +                   "section[aria-labelledby=\"expense-export-title\"]",
    +                 ],
    +               },
    +             ],
    +           },
    +         ],
    +         "failureSummary": "Fix any of the following:
    +   Element has insufficient color contrast of 4.41 (foreground color: #77766d, background color: #fbfbfa, font size: 10.3pt (13.76px), font weight: normal). Expected contrast ratio of 4.5:1",
    +         "html": "<p class=\"svelte-90hvho\">Choose a separate period and scope without changing the register above.</p>",
    +         "impact": "serious",
    +         "none": Array [],
    +         "target": Array [
    +           "section[aria-labelledby=\"expense-export-title\"] > div:nth-child(1) > p",
    +         ],
    +       },
    +     ],
    +     "tags": Array [
    +       "cat.color",
    +       "wcag2aa",
    +       "wcag143",
    +       "TTv5",
    +       "TT13.c",
    +       "EN-301-549",
    +       "EN-9.1.4.3",
    +       "ACT",
    +       "RGAAv4",
    +       "RGAA-3.2.1",
    +     ],
    +   },
    + ]

      138 |     .withTags(['wcag2a', 'wcag2aa', 'wcag21aa'])
      139 |     .analyze();
    > 140 |   expect(result.violations, `${context}: ${JSON.stringify(result.violations, null, 2)}`).toEqual(
          |                                                                                          ^
      141 |     [],
      142 |   );
      143 | }
        at expectNoAxeViolations (/home/kripta/ja-automation-platform-vps-hotfix/tests/e2e/ui-multirole-accessibility-matrix.spec.ts:140:90)
        at /home/kripta/ja-automation-platform-vps-hotfix/tests/e2e/ui-multirole-accessibility-matrix.spec.ts:452:7

    Error Context: test-results/ui-multirole-accessibility-2785a-ponsive-and-keyboard-matrix-phone-390/error-context.md

    attachment #2: trace (application/zip) ─────────────────────────────────────────────────────────
    test-results/ui-multirole-accessibility-2785a-ponsive-and-keyboard-matrix-phone-390/trace.zip
    Usage:

        pnpm exec playwright show-trace test-results/ui-multirole-accessibility-2785a-ponsive-and-keyboard-matrix-phone-390/trace.zip

    ────────────────────────────────────────────────────────────────────────────────────────────────

  7) [phone-390] › tests/e2e/ui-multirole-accessibility-matrix.spec.ts:429:3 › finance Client Essential surfaces pass axe, responsive and keyboard matrix 

    Error: finance open navigation: [
      {
        "id": "color-contrast",
        "impact": "serious",
        "tags": [
          "cat.color",
          "wcag2aa",
          "wcag143",
          "TTv5",
          "TT13.c",
          "EN-301-549",
          "EN-9.1.4.3",
          "ACT",
          "RGAAv4",
          "RGAA-3.2.1"
        ],
        "description": "Ensure the contrast between foreground and background colors meets WCAG 2 AA minimum contrast ratio thresholds",
        "help": "Elements must meet minimum color contrast ratio thresholds",
        "helpUrl": "https://dequeuniversity.com/rules/axe/4.13/color-contrast?application=playwright",
        "nodes": [
          {
            "any": [
              {
                "id": "color-contrast",
                "data": {
                  "fgColor": "#77766d",
                  "bgColor": "#fdfdfd",
                  "contrastRatio": 4.49,
                  "fontSize": "9.4pt (12.48px)",
                  "fontWeight": "normal",
                  "messageKey": null,
                  "expectedContrastRatio": "4.5:1"
                },
                "relatedNodes": [
                  {
                    "html": "<div class=\"finance-overview__cash svelte-102c35v\" aria-label=\"Cash and liquidity\">",
                    "target": [
                      ".finance-overview__cash"
                    ]
                  }
                ],
                "impact": "serious",
                "message": "Element has insufficient color contrast of 4.49 (foreground color: #77766d, background color: #fdfdfd, font size: 9.4pt (12.48px), font weight: normal). Expected contrast ratio of 4.5:1"
              }
            ],
            "all": [],
            "none": [],
            "impact": "serious",
            "html": "<a class=\"finance-overview__cash-link svelte-102c35v\" href=\"/j-aautomation/app/ledger?project=01a0c5e3-0505-7578-97ed-4c3805c8a913&amp;status=collected\" data-metric=\"collected\">Collected (actual): <strong class=\"svelte-102c35v\">$0.00</strong></a>",
            "target": [
              "a[data-metric=\"collected\"]"
            ],
            "failureSummary": "Fix any of the following:\n  Element has insufficient color contrast of 4.49 (foreground color: #77766d, background color: #fdfdfd, font size: 9.4pt (12.48px), font weight: normal). Expected contrast ratio of 4.5:1"
          },
          {
            "any": [
              {
                "id": "color-contrast",
                "data": {
                  "fgColor": "#77766d",
                  "bgColor": "#fdfdfd",
                  "contrastRatio": 4.49,
                  "fontSize": "9.4pt (12.48px)",
                  "fontWeight": "normal",
                  "messageKey": null,
                  "expectedContrastRatio": "4.5:1"
                },
                "relatedNodes": [
                  {
                    "html": "<div class=\"finance-overview__cash svelte-102c35v\" aria-label=\"Cash and liquidity\">",
                    "target": [
                      ".finance-overview__cash"
                    ]
                  }
                ],
                "impact": "serious",
                "message": "Element has insufficient color contrast of 4.49 (foreground color: #77766d, background color: #fdfdfd, font size: 9.4pt (12.48px), font weight: normal). Expected contrast ratio of 4.5:1"
              }
            ],
            "all": [],
            "none": [],
            "impact": "serious",
            "html": "<a class=\"finance-overview__cash-link svelte-102c35v\" href=\"/j-aautomation/app/ledger?project=01a0c5e3-0505-7578-97ed-4c3805c8a913&amp;status=outstanding\" data-metric=\"outstanding\">Outstanding (actual): <strong class=\"svelte-102c35v\">$0.00</strong></a>",
            "target": [
              "a[data-metric=\"outstanding\"]"
            ],
            "failureSummary": "Fix any of the following:\n  Element has insufficient color contrast of 4.49 (foreground color: #77766d, background color: #fdfdfd, font size: 9.4pt (12.48px), font weight: normal). Expected contrast ratio of 4.5:1"
          },
          {
            "any": [
              {
                "id": "color-contrast",
                "data": {
                  "fgColor": "#77766d",
                  "bgColor": "#fdfdfd",
                  "contrastRatio": 4.49,
                  "fontSize": "9.4pt (12.48px)",
                  "fontWeight": "normal",
                  "messageKey": null,
                  "expectedContrastRatio": "4.5:1"
                },
                "relatedNodes": [
                  {
                    "html": "<div class=\"finance-overview__cash svelte-102c35v\" aria-label=\"Cash and liquidity\">",
                    "target": [
                      ".finance-overview__cash"
                    ]
                  }
                ],
                "impact": "serious",
                "message": "Element has insufficient color contrast of 4.49 (foreground color: #77766d, background color: #fdfdfd, font size: 9.4pt (12.48px), font weight: normal). Expected contrast ratio of 4.5:1"
              }
            ],
            "all": [],
            "none": [],
            "impact": "serious",
            "html": "<span data-metric=\"approved-wip\" class=\"svelte-102c35v\">Approved unbilled WIP: <strong class=\"svelte-102c35v\">$13,150.00</strong></span>",
            "target": [
              "span[data-metric=\"approved-wip\"]"
            ],
            "failureSummary": "Fix any of the following:\n  Element has insufficient color contrast of 4.49 (foreground color: #77766d, background color: #fdfdfd, font size: 9.4pt (12.48px), font weight: normal). Expected contrast ratio of 4.5:1"
          },
          {
            "any": [
              {
                "id": "color-contrast",
                "data": {
                  "fgColor": "#77766d",
                  "bgColor": "#fdfdfd",
                  "contrastRatio": 4.49,
                  "fontSize": "9.4pt (12.48px)",
                  "fontWeight": "normal",
                  "messageKey": null,
                  "expectedContrastRatio": "4.5:1"
                },
                "relatedNodes": [
                  {
                    "html": "<div class=\"finance-overview__cash svelte-102c35v\" aria-label=\"Cash and liquidity\">",
                    "target": [
                      ".finance-overview__cash"
                    ]
                  }
                ],
                "impact": "serious",
                "message": "Element has insufficient color contrast of 4.49 (foreground color: #77766d, background color: #fdfdfd, font size: 9.4pt (12.48px), font weight: normal). Expected contrast ratio of 4.5:1"
              }
            ],
            "all": [],
            "none": [],
            "impact": "serious",
            "html": "<span data-metric=\"revenue-candidate\" class=\"svelte-102c35v\">Revenue candidate: <strong class=\"svelte-102c35v\">$18,400.00</strong></span>",
            "target": [
              "span[data-metric=\"revenue-candidate\"]"
            ],
            "failureSummary": "Fix any of the following:\n  Element has insufficient color contrast of 4.49 (foreground color: #77766d, background color: #fdfdfd, font size: 9.4pt (12.48px), font weight: normal). Expected contrast ratio of 4.5:1"
          }
        ]
      }
    ]

    expect(received).toEqual(expected) // deep equality

    - Expected  -   1
    + Received  + 163

    - Array []
    + Array [
    +   Object {
    +     "description": "Ensure the contrast between foreground and background colors meets WCAG 2 AA minimum contrast ratio thresholds",
    +     "help": "Elements must meet minimum color contrast ratio thresholds",
    +     "helpUrl": "https://dequeuniversity.com/rules/axe/4.13/color-contrast?application=playwright",
    +     "id": "color-contrast",
    +     "impact": "serious",
    +     "nodes": Array [
    +       Object {
    +         "all": Array [],
    +         "any": Array [
    +           Object {
    +             "data": Object {
    +               "bgColor": "#fdfdfd",
    +               "contrastRatio": 4.49,
    +               "expectedContrastRatio": "4.5:1",
    +               "fgColor": "#77766d",
    +               "fontSize": "9.4pt (12.48px)",
    +               "fontWeight": "normal",
    +               "messageKey": null,
    +             },
    +             "id": "color-contrast",
    +             "impact": "serious",
    +             "message": "Element has insufficient color contrast of 4.49 (foreground color: #77766d, background color: #fdfdfd, font size: 9.4pt (12.48px), font weight: normal). Expected contrast ratio of 4.5:1",
    +             "relatedNodes": Array [
    +               Object {
    +                 "html": "<div class=\"finance-overview__cash svelte-102c35v\" aria-label=\"Cash and liquidity\">",
    +                 "target": Array [
    +                   ".finance-overview__cash",
    +                 ],
    +               },
    +             ],
    +           },
    +         ],
    +         "failureSummary": "Fix any of the following:
    +   Element has insufficient color contrast of 4.49 (foreground color: #77766d, background color: #fdfdfd, font size: 9.4pt (12.48px), font weight: normal). Expected contrast ratio of 4.5:1",
    +         "html": "<a class=\"finance-overview__cash-link svelte-102c35v\" href=\"/j-aautomation/app/ledger?project=01a0c5e3-0505-7578-97ed-4c3805c8a913&amp;status=collected\" data-metric=\"collected\">Collected (actual): <strong class=\"svelte-102c35v\">$0.00</strong></a>",
    +         "impact": "serious",
    +         "none": Array [],
    +         "target": Array [
    +           "a[data-metric=\"collected\"]",
    +         ],
    +       },
    +       Object {
    +         "all": Array [],
    +         "any": Array [
    +           Object {
    +             "data": Object {
    +               "bgColor": "#fdfdfd",
    +               "contrastRatio": 4.49,
    +               "expectedContrastRatio": "4.5:1",
    +               "fgColor": "#77766d",
    +               "fontSize": "9.4pt (12.48px)",
    +               "fontWeight": "normal",
    +               "messageKey": null,
    +             },
    +             "id": "color-contrast",
    +             "impact": "serious",
    +             "message": "Element has insufficient color contrast of 4.49 (foreground color: #77766d, background color: #fdfdfd, font size: 9.4pt (12.48px), font weight: normal). Expected contrast ratio of 4.5:1",
    +             "relatedNodes": Array [
    +               Object {
    +                 "html": "<div class=\"finance-overview__cash svelte-102c35v\" aria-label=\"Cash and liquidity\">",
    +                 "target": Array [
    +                   ".finance-overview__cash",
    +                 ],
    +               },
    +             ],
    +           },
    +         ],
    +         "failureSummary": "Fix any of the following:
    +   Element has insufficient color contrast of 4.49 (foreground color: #77766d, background color: #fdfdfd, font size: 9.4pt (12.48px), font weight: normal). Expected contrast ratio of 4.5:1",
    +         "html": "<a class=\"finance-overview__cash-link svelte-102c35v\" href=\"/j-aautomation/app/ledger?project=01a0c5e3-0505-7578-97ed-4c3805c8a913&amp;status=outstanding\" data-metric=\"outstanding\">Outstanding (actual): <strong class=\"svelte-102c35v\">$0.00</strong></a>",
    +         "impact": "serious",
    +         "none": Array [],
    +         "target": Array [
    +           "a[data-metric=\"outstanding\"]",
    +         ],
    +       },
    +       Object {
    +         "all": Array [],
    +         "any": Array [
    +           Object {
    +             "data": Object {
    +               "bgColor": "#fdfdfd",
    +               "contrastRatio": 4.49,
    +               "expectedContrastRatio": "4.5:1",
    +               "fgColor": "#77766d",
    +               "fontSize": "9.4pt (12.48px)",
    +               "fontWeight": "normal",
    +               "messageKey": null,
    +             },
    +             "id": "color-contrast",
    +             "impact": "serious",
    +             "message": "Element has insufficient color contrast of 4.49 (foreground color: #77766d, background color: #fdfdfd, font size: 9.4pt (12.48px), font weight: normal). Expected contrast ratio of 4.5:1",
    +             "relatedNodes": Array [
    +               Object {
    +                 "html": "<div class=\"finance-overview__cash svelte-102c35v\" aria-label=\"Cash and liquidity\">",
    +                 "target": Array [
    +                   ".finance-overview__cash",
    +                 ],
    +               },
    +             ],
    +           },
    +         ],
    +         "failureSummary": "Fix any of the following:
    +   Element has insufficient color contrast of 4.49 (foreground color: #77766d, background color: #fdfdfd, font size: 9.4pt (12.48px), font weight: normal). Expected contrast ratio of 4.5:1",
    +         "html": "<span data-metric=\"approved-wip\" class=\"svelte-102c35v\">Approved unbilled WIP: <strong class=\"svelte-102c35v\">$13,150.00</strong></span>",
    +         "impact": "serious",
    +         "none": Array [],
    +         "target": Array [
    +           "span[data-metric=\"approved-wip\"]",
    +         ],
    +       },
    +       Object {
    +         "all": Array [],
    +         "any": Array [
    +           Object {
    +             "data": Object {
    +               "bgColor": "#fdfdfd",
    +               "contrastRatio": 4.49,
    +               "expectedContrastRatio": "4.5:1",
    +               "fgColor": "#77766d",
    +               "fontSize": "9.4pt (12.48px)",
    +               "fontWeight": "normal",
    +               "messageKey": null,
    +             },
    +             "id": "color-contrast",
    +             "impact": "serious",
    +             "message": "Element has insufficient color contrast of 4.49 (foreground color: #77766d, background color: #fdfdfd, font size: 9.4pt (12.48px), font weight: normal). Expected contrast ratio of 4.5:1",
    +             "relatedNodes": Array [
    +               Object {
    +                 "html": "<div class=\"finance-overview__cash svelte-102c35v\" aria-label=\"Cash and liquidity\">",
    +                 "target": Array [
    +                   ".finance-overview__cash",
    +                 ],
    +               },
    +             ],
    +           },
    +         ],
    +         "failureSummary": "Fix any of the following:
    +   Element has insufficient color contrast of 4.49 (foreground color: #77766d, background color: #fdfdfd, font size: 9.4pt (12.48px), font weight: normal). Expected contrast ratio of 4.5:1",
    +         "html": "<span data-metric=\"revenue-candidate\" class=\"svelte-102c35v\">Revenue candidate: <strong class=\"svelte-102c35v\">$18,400.00</strong></span>",
    +         "impact": "serious",
    +         "none": Array [],
    +         "target": Array [
    +           "span[data-metric=\"revenue-candidate\"]",
    +         ],
    +       },
    +     ],
    +     "tags": Array [
    +       "cat.color",
    +       "wcag2aa",
    +       "wcag143",
    +       "TTv5",
    +       "TT13.c",
    +       "EN-301-549",
    +       "EN-9.1.4.3",
    +       "ACT",
    +       "RGAAv4",
    +       "RGAA-3.2.1",
    +     ],
    +   },
    + ]

      138 |     .withTags(['wcag2a', 'wcag2aa', 'wcag21aa'])
      139 |     .analyze();
    > 140 |   expect(result.violations, `${context}: ${JSON.stringify(result.violations, null, 2)}`).toEqual(
          |                                                                                          ^
      141 |     [],
      142 |   );
      143 | }
        at expectNoAxeViolations (/home/kripta/ja-automation-platform-vps-hotfix/tests/e2e/ui-multirole-accessibility-matrix.spec.ts:140:90)
        at expectRoleNavigation (/home/kripta/ja-automation-platform-vps-hotfix/tests/e2e/ui-multirole-accessibility-matrix.spec.ts:312:5)
        at /home/kripta/ja-automation-platform-vps-hotfix/tests/e2e/ui-multirole-accessibility-matrix.spec.ts:443:5

    Error Context: test-results/ui-multirole-accessibility-59858-ponsive-and-keyboard-matrix-phone-390/error-context.md

    attachment #2: trace (application/zip) ─────────────────────────────────────────────────────────
    test-results/ui-multirole-accessibility-59858-ponsive-and-keyboard-matrix-phone-390/trace.zip
    Usage:

        pnpm exec playwright show-trace test-results/ui-multirole-accessibility-59858-ponsive-and-keyboard-matrix-phone-390/trace.zip

    ────────────────────────────────────────────────────────────────────────────────────────────────

  8) [phone-390] › tests/e2e/ui-multirole-accessibility-matrix.spec.ts:429:3 › owner Client Essential surfaces pass axe, responsive and keyboard matrix 

    Error: owner phone-390 /projects?view=team: [
      {
        "id": "color-contrast",
        "impact": "serious",
        "tags": [
          "cat.color",
          "wcag2aa",
          "wcag143",
          "TTv5",
          "TT13.c",
          "EN-301-549",
          "EN-9.1.4.3",
          "ACT",
          "RGAAv4",
          "RGAA-3.2.1"
        ],
        "description": "Ensure the contrast between foreground and background colors meets WCAG 2 AA minimum contrast ratio thresholds",
        "help": "Elements must meet minimum color contrast ratio thresholds",
        "helpUrl": "https://dequeuniversity.com/rules/axe/4.13/color-contrast?application=playwright",
        "nodes": [
          {
            "any": [
              {
                "id": "color-contrast",
                "data": {
                  "fgColor": "#77766d",
                  "bgColor": "#fdfdfd",
                  "contrastRatio": 4.49,
                  "fontSize": "8.6pt (11.52px)",
                  "fontWeight": "bold",
                  "messageKey": null,
                  "expectedContrastRatio": "4.5:1"
                },
                "relatedNodes": [
                  {
                    "html": "<section class=\"team-directory__provisioning svelte-1ex39d0\" aria-labelledby=\"team-create-user-title\">",
                    "target": [
                      ".team-directory__provisioning"
                    ]
                  }
                ],
                "impact": "serious",
                "message": "Element has insufficient color contrast of 4.49 (foreground color: #77766d, background color: #fdfdfd, font size: 8.6pt (11.52px), font weight: bold). Expected contrast ratio of 4.5:1"
              }
            ],
            "all": [],
            "none": [],
            "impact": "serious",
            "html": "<p class=\"team-directory__eyebrow svelte-1ex39d0\">SECURE USER PROVISIONING</p>",
            "target": [
              ".team-directory__provisioning-heading > div > .team-directory__eyebrow"
            ],
            "failureSummary": "Fix any of the following:\n  Element has insufficient color contrast of 4.49 (foreground color: #77766d, background color: #fdfdfd, font size: 8.6pt (11.52px), font weight: bold). Expected contrast ratio of 4.5:1"
          }
        ]
      }
    ]

    expect(received).toEqual(expected) // deep equality

    - Expected  -  1
    + Received  + 58

    - Array []
    + Array [
    +   Object {
    +     "description": "Ensure the contrast between foreground and background colors meets WCAG 2 AA minimum contrast ratio thresholds",
    +     "help": "Elements must meet minimum color contrast ratio thresholds",
    +     "helpUrl": "https://dequeuniversity.com/rules/axe/4.13/color-contrast?application=playwright",
    +     "id": "color-contrast",
    +     "impact": "serious",
    +     "nodes": Array [
    +       Object {
    +         "all": Array [],
    +         "any": Array [
    +           Object {
    +             "data": Object {
    +               "bgColor": "#fdfdfd",
    +               "contrastRatio": 4.49,
    +               "expectedContrastRatio": "4.5:1",
    +               "fgColor": "#77766d",
    +               "fontSize": "8.6pt (11.52px)",
    +               "fontWeight": "bold",
    +               "messageKey": null,
    +             },
    +             "id": "color-contrast",
    +             "impact": "serious",
    +             "message": "Element has insufficient color contrast of 4.49 (foreground color: #77766d, background color: #fdfdfd, font size: 8.6pt (11.52px), font weight: bold). Expected contrast ratio of 4.5:1",
    +             "relatedNodes": Array [
    +               Object {
    +                 "html": "<section class=\"team-directory__provisioning svelte-1ex39d0\" aria-labelledby=\"team-create-user-title\">",
    +                 "target": Array [
    +                   ".team-directory__provisioning",
    +                 ],
    +               },
    +             ],
    +           },
    +         ],
    +         "failureSummary": "Fix any of the following:
    +   Element has insufficient color contrast of 4.49 (foreground color: #77766d, background color: #fdfdfd, font size: 8.6pt (11.52px), font weight: bold). Expected contrast ratio of 4.5:1",
    +         "html": "<p class=\"team-directory__eyebrow svelte-1ex39d0\">SECURE USER PROVISIONING</p>",
    +         "impact": "serious",
    +         "none": Array [],
    +         "target": Array [
    +           ".team-directory__provisioning-heading > div > .team-directory__eyebrow",
    +         ],
    +       },
    +     ],
    +     "tags": Array [
    +       "cat.color",
    +       "wcag2aa",
    +       "wcag143",
    +       "TTv5",
    +       "TT13.c",
    +       "EN-301-549",
    +       "EN-9.1.4.3",
    +       "ACT",
    +       "RGAAv4",
    +       "RGAA-3.2.1",
    +     ],
    +   },
    + ]

      138 |     .withTags(['wcag2a', 'wcag2aa', 'wcag21aa'])
      139 |     .analyze();
    > 140 |   expect(result.violations, `${context}: ${JSON.stringify(result.violations, null, 2)}`).toEqual(
          |                                                                                          ^
      141 |     [],
      142 |   );
      143 | }
        at expectNoAxeViolations (/home/kripta/ja-automation-platform-vps-hotfix/tests/e2e/ui-multirole-accessibility-matrix.spec.ts:140:90)
        at /home/kripta/ja-automation-platform-vps-hotfix/tests/e2e/ui-multirole-accessibility-matrix.spec.ts:452:7

    Error Context: test-results/ui-multirole-accessibility-f3610-ponsive-and-keyboard-matrix-phone-390/error-context.md

    attachment #2: trace (application/zip) ─────────────────────────────────────────────────────────
    test-results/ui-multirole-accessibility-f3610-ponsive-and-keyboard-matrix-phone-390/trace.zip
    Usage:

        pnpm exec playwright show-trace test-results/ui-multirole-accessibility-f3610-ponsive-and-keyboard-matrix-phone-390/trace.zip

    ────────────────────────────────────────────────────────────────────────────────────────────────

  9) [phone-390] › tests/e2e/ui-multirole-accessibility-matrix.spec.ts:429:3 › auditor Client Essential surfaces pass axe, responsive and keyboard matrix 

    Error: auditor open navigation: [
      {
        "id": "color-contrast",
        "impact": "serious",
        "tags": [
          "cat.color",
          "wcag2aa",
          "wcag143",
          "TTv5",
          "TT13.c",
          "EN-301-549",
          "EN-9.1.4.3",
          "ACT",
          "RGAAv4",
          "RGAA-3.2.1"
        ],
        "description": "Ensure the contrast between foreground and background colors meets WCAG 2 AA minimum contrast ratio thresholds",
        "help": "Elements must meet minimum color contrast ratio thresholds",
        "helpUrl": "https://dequeuniversity.com/rules/axe/4.13/color-contrast?application=playwright",
        "nodes": [
          {
            "any": [
              {
                "id": "color-contrast",
                "data": {
                  "fgColor": "#77766d",
                  "bgColor": "#fdfdfd",
                  "contrastRatio": 4.49,
                  "fontSize": "9.4pt (12.48px)",
                  "fontWeight": "normal",
                  "messageKey": null,
                  "expectedContrastRatio": "4.5:1"
                },
                "relatedNodes": [
                  {
                    "html": "<div class=\"finance-overview__cash svelte-102c35v\" aria-label=\"Cash and liquidity\">",
                    "target": [
                      ".finance-overview__cash"
                    ]
                  }
                ],
                "impact": "serious",
                "message": "Element has insufficient color contrast of 4.49 (foreground color: #77766d, background color: #fdfdfd, font size: 9.4pt (12.48px), font weight: normal). Expected contrast ratio of 4.5:1"
              }
            ],
            "all": [],
            "none": [],
            "impact": "serious",
            "html": "<a class=\"finance-overview__cash-link svelte-102c35v\" href=\"/j-aautomation/app/ledger?project=01a0c5e3-0505-7578-97ed-4c3805c8a913&amp;status=collected\" data-metric=\"collected\">Collected (actual): <strong class=\"svelte-102c35v\">$0.00</strong></a>",
            "target": [
              "a[data-metric=\"collected\"]"
            ],
            "failureSummary": "Fix any of the following:\n  Element has insufficient color contrast of 4.49 (foreground color: #77766d, background color: #fdfdfd, font size: 9.4pt (12.48px), font weight: normal). Expected contrast ratio of 4.5:1"
          },
          {
            "any": [
              {
                "id": "color-contrast",
                "data": {
                  "fgColor": "#77766d",
                  "bgColor": "#fdfdfd",
                  "contrastRatio": 4.49,
                  "fontSize": "9.4pt (12.48px)",
                  "fontWeight": "normal",
                  "messageKey": null,
                  "expectedContrastRatio": "4.5:1"
                },
                "relatedNodes": [
                  {
                    "html": "<div class=\"finance-overview__cash svelte-102c35v\" aria-label=\"Cash and liquidity\">",
                    "target": [
                      ".finance-overview__cash"
                    ]
                  }
                ],
                "impact": "serious",
                "message": "Element has insufficient color contrast of 4.49 (foreground color: #77766d, background color: #fdfdfd, font size: 9.4pt (12.48px), font weight: normal). Expected contrast ratio of 4.5:1"
              }
            ],
            "all": [],
            "none": [],
            "impact": "serious",
            "html": "<a class=\"finance-overview__cash-link svelte-102c35v\" href=\"/j-aautomation/app/ledger?project=01a0c5e3-0505-7578-97ed-4c3805c8a913&amp;status=outstanding\" data-metric=\"outstanding\">Outstanding (actual): <strong class=\"svelte-102c35v\">$0.00</strong></a>",
            "target": [
              "a[data-metric=\"outstanding\"]"
            ],
            "failureSummary": "Fix any of the following:\n  Element has insufficient color contrast of 4.49 (foreground color: #77766d, background color: #fdfdfd, font size: 9.4pt (12.48px), font weight: normal). Expected contrast ratio of 4.5:1"
          },
          {
            "any": [
              {
                "id": "color-contrast",
                "data": {
                  "fgColor": "#77766d",
                  "bgColor": "#fdfdfd",
                  "contrastRatio": 4.49,
                  "fontSize": "9.4pt (12.48px)",
                  "fontWeight": "normal",
                  "messageKey": null,
                  "expectedContrastRatio": "4.5:1"
                },
                "relatedNodes": [
                  {
                    "html": "<div class=\"finance-overview__cash svelte-102c35v\" aria-label=\"Cash and liquidity\">",
                    "target": [
                      ".finance-overview__cash"
                    ]
                  }
                ],
                "impact": "serious",
                "message": "Element has insufficient color contrast of 4.49 (foreground color: #77766d, background color: #fdfdfd, font size: 9.4pt (12.48px), font weight: normal). Expected contrast ratio of 4.5:1"
              }
            ],
            "all": [],
            "none": [],
            "impact": "serious",
            "html": "<span data-metric=\"approved-wip\" class=\"svelte-102c35v\">Approved unbilled WIP: <strong class=\"svelte-102c35v\">$13,150.00</strong></span>",
            "target": [
              "span[data-metric=\"approved-wip\"]"
            ],
            "failureSummary": "Fix any of the following:\n  Element has insufficient color contrast of 4.49 (foreground color: #77766d, background color: #fdfdfd, font size: 9.4pt (12.48px), font weight: normal). Expected contrast ratio of 4.5:1"
          },
          {
            "any": [
              {
                "id": "color-contrast",
                "data": {
                  "fgColor": "#77766d",
                  "bgColor": "#fdfdfd",
                  "contrastRatio": 4.49,
                  "fontSize": "9.4pt (12.48px)",
                  "fontWeight": "normal",
                  "messageKey": null,
                  "expectedContrastRatio": "4.5:1"
                },
                "relatedNodes": [
                  {
                    "html": "<div class=\"finance-overview__cash svelte-102c35v\" aria-label=\"Cash and liquidity\">",
                    "target": [
                      ".finance-overview__cash"
                    ]
                  }
                ],
                "impact": "serious",
                "message": "Element has insufficient color contrast of 4.49 (foreground color: #77766d, background color: #fdfdfd, font size: 9.4pt (12.48px), font weight: normal). Expected contrast ratio of 4.5:1"
              }
            ],
            "all": [],
            "none": [],
            "impact": "serious",
            "html": "<span data-metric=\"revenue-candidate\" class=\"svelte-102c35v\">Revenue candidate: <strong class=\"svelte-102c35v\">$18,400.00</strong></span>",
            "target": [
              "span[data-metric=\"revenue-candidate\"]"
            ],
            "failureSummary": "Fix any of the following:\n  Element has insufficient color contrast of 4.49 (foreground color: #77766d, background color: #fdfdfd, font size: 9.4pt (12.48px), font weight: normal). Expected contrast ratio of 4.5:1"
          }
        ]
      }
    ]

    expect(received).toEqual(expected) // deep equality

    - Expected  -   1
    + Received  + 163

    - Array []
    + Array [
    +   Object {
    +     "description": "Ensure the contrast between foreground and background colors meets WCAG 2 AA minimum contrast ratio thresholds",
    +     "help": "Elements must meet minimum color contrast ratio thresholds",
    +     "helpUrl": "https://dequeuniversity.com/rules/axe/4.13/color-contrast?application=playwright",
    +     "id": "color-contrast",
    +     "impact": "serious",
    +     "nodes": Array [
    +       Object {
    +         "all": Array [],
    +         "any": Array [
    +           Object {
    +             "data": Object {
    +               "bgColor": "#fdfdfd",
    +               "contrastRatio": 4.49,
    +               "expectedContrastRatio": "4.5:1",
    +               "fgColor": "#77766d",
    +               "fontSize": "9.4pt (12.48px)",
    +               "fontWeight": "normal",
    +               "messageKey": null,
    +             },
    +             "id": "color-contrast",
    +             "impact": "serious",
    +             "message": "Element has insufficient color contrast of 4.49 (foreground color: #77766d, background color: #fdfdfd, font size: 9.4pt (12.48px), font weight: normal). Expected contrast ratio of 4.5:1",
    +             "relatedNodes": Array [
    +               Object {
    +                 "html": "<div class=\"finance-overview__cash svelte-102c35v\" aria-label=\"Cash and liquidity\">",
    +                 "target": Array [
    +                   ".finance-overview__cash",
    +                 ],
    +               },
    +             ],
    +           },
    +         ],
    +         "failureSummary": "Fix any of the following:
    +   Element has insufficient color contrast of 4.49 (foreground color: #77766d, background color: #fdfdfd, font size: 9.4pt (12.48px), font weight: normal). Expected contrast ratio of 4.5:1",
    +         "html": "<a class=\"finance-overview__cash-link svelte-102c35v\" href=\"/j-aautomation/app/ledger?project=01a0c5e3-0505-7578-97ed-4c3805c8a913&amp;status=collected\" data-metric=\"collected\">Collected (actual): <strong class=\"svelte-102c35v\">$0.00</strong></a>",
    +         "impact": "serious",
    +         "none": Array [],
    +         "target": Array [
    +           "a[data-metric=\"collected\"]",
    +         ],
    +       },
    +       Object {
    +         "all": Array [],
    +         "any": Array [
    +           Object {
    +             "data": Object {
    +               "bgColor": "#fdfdfd",
    +               "contrastRatio": 4.49,
    +               "expectedContrastRatio": "4.5:1",
    +               "fgColor": "#77766d",
    +               "fontSize": "9.4pt (12.48px)",
    +               "fontWeight": "normal",
    +               "messageKey": null,
    +             },
    +             "id": "color-contrast",
    +             "impact": "serious",
    +             "message": "Element has insufficient color contrast of 4.49 (foreground color: #77766d, background color: #fdfdfd, font size: 9.4pt (12.48px), font weight: normal). Expected contrast ratio of 4.5:1",
    +             "relatedNodes": Array [
    +               Object {
    +                 "html": "<div class=\"finance-overview__cash svelte-102c35v\" aria-label=\"Cash and liquidity\">",
    +                 "target": Array [
    +                   ".finance-overview__cash",
    +                 ],
    +               },
    +             ],
    +           },
    +         ],
    +         "failureSummary": "Fix any of the following:
    +   Element has insufficient color contrast of 4.49 (foreground color: #77766d, background color: #fdfdfd, font size: 9.4pt (12.48px), font weight: normal). Expected contrast ratio of 4.5:1",
    +         "html": "<a class=\"finance-overview__cash-link svelte-102c35v\" href=\"/j-aautomation/app/ledger?project=01a0c5e3-0505-7578-97ed-4c3805c8a913&amp;status=outstanding\" data-metric=\"outstanding\">Outstanding (actual): <strong class=\"svelte-102c35v\">$0.00</strong></a>",
    +         "impact": "serious",
    +         "none": Array [],
    +         "target": Array [
    +           "a[data-metric=\"outstanding\"]",
    +         ],
    +       },
    +       Object {
    +         "all": Array [],
    +         "any": Array [
    +           Object {
    +             "data": Object {
    +               "bgColor": "#fdfdfd",
    +               "contrastRatio": 4.49,
    +               "expectedContrastRatio": "4.5:1",
    +               "fgColor": "#77766d",
    +               "fontSize": "9.4pt (12.48px)",
    +               "fontWeight": "normal",
    +               "messageKey": null,
    +             },
    +             "id": "color-contrast",
    +             "impact": "serious",
    +             "message": "Element has insufficient color contrast of 4.49 (foreground color: #77766d, background color: #fdfdfd, font size: 9.4pt (12.48px), font weight: normal). Expected contrast ratio of 4.5:1",
    +             "relatedNodes": Array [
    +               Object {
    +                 "html": "<div class=\"finance-overview__cash svelte-102c35v\" aria-label=\"Cash and liquidity\">",
    +                 "target": Array [
    +                   ".finance-overview__cash",
    +                 ],
    +               },
    +             ],
    +           },
    +         ],
    +         "failureSummary": "Fix any of the following:
    +   Element has insufficient color contrast of 4.49 (foreground color: #77766d, background color: #fdfdfd, font size: 9.4pt (12.48px), font weight: normal). Expected contrast ratio of 4.5:1",
    +         "html": "<span data-metric=\"approved-wip\" class=\"svelte-102c35v\">Approved unbilled WIP: <strong class=\"svelte-102c35v\">$13,150.00</strong></span>",
    +         "impact": "serious",
    +         "none": Array [],
    +         "target": Array [
    +           "span[data-metric=\"approved-wip\"]",
    +         ],
    +       },
    +       Object {
    +         "all": Array [],
    +         "any": Array [
    +           Object {
    +             "data": Object {
    +               "bgColor": "#fdfdfd",
    +               "contrastRatio": 4.49,
    +               "expectedContrastRatio": "4.5:1",
    +               "fgColor": "#77766d",
    +               "fontSize": "9.4pt (12.48px)",
    +               "fontWeight": "normal",
    +               "messageKey": null,
    +             },
    +             "id": "color-contrast",
    +             "impact": "serious",
    +             "message": "Element has insufficient color contrast of 4.49 (foreground color: #77766d, background color: #fdfdfd, font size: 9.4pt (12.48px), font weight: normal). Expected contrast ratio of 4.5:1",
    +             "relatedNodes": Array [
    +               Object {
    +                 "html": "<div class=\"finance-overview__cash svelte-102c35v\" aria-label=\"Cash and liquidity\">",
    +                 "target": Array [
    +                   ".finance-overview__cash",
    +                 ],
    +               },
    +             ],
    +           },
    +         ],
    +         "failureSummary": "Fix any of the following:
    +   Element has insufficient color contrast of 4.49 (foreground color: #77766d, background color: #fdfdfd, font size: 9.4pt (12.48px), font weight: normal). Expected contrast ratio of 4.5:1",
    +         "html": "<span data-metric=\"revenue-candidate\" class=\"svelte-102c35v\">Revenue candidate: <strong class=\"svelte-102c35v\">$18,400.00</strong></span>",
    +         "impact": "serious",
    +         "none": Array [],
    +         "target": Array [
    +           "span[data-metric=\"revenue-candidate\"]",
    +         ],
    +       },
    +     ],
    +     "tags": Array [
    +       "cat.color",
    +       "wcag2aa",
    +       "wcag143",
    +       "TTv5",
    +       "TT13.c",
    +       "EN-301-549",
    +       "EN-9.1.4.3",
    +       "ACT",
    +       "RGAAv4",
    +       "RGAA-3.2.1",
    +     ],
    +   },
    + ]

      138 |     .withTags(['wcag2a', 'wcag2aa', 'wcag21aa'])
      139 |     .analyze();
    > 140 |   expect(result.violations, `${context}: ${JSON.stringify(result.violations, null, 2)}`).toEqual(
          |                                                                                          ^
      141 |     [],
      142 |   );
      143 | }
        at expectNoAxeViolations (/home/kripta/ja-automation-platform-vps-hotfix/tests/e2e/ui-multirole-accessibility-matrix.spec.ts:140:90)
        at expectRoleNavigation (/home/kripta/ja-automation-platform-vps-hotfix/tests/e2e/ui-multirole-accessibility-matrix.spec.ts:312:5)
        at /home/kripta/ja-automation-platform-vps-hotfix/tests/e2e/ui-multirole-accessibility-matrix.spec.ts:443:5

    Error Context: test-results/ui-multirole-accessibility-eae50-ponsive-and-keyboard-matrix-phone-390/error-context.md

    attachment #2: trace (application/zip) ─────────────────────────────────────────────────────────
    test-results/ui-multirole-accessibility-eae50-ponsive-and-keyboard-matrix-phone-390/trace.zip
    Usage:

        pnpm exec playwright show-trace test-results/ui-multirole-accessibility-eae50-ponsive-and-keyboard-matrix-phone-390/trace.zip

    ────────────────────────────────────────────────────────────────────────────────────────────────

  10) [tablet-768] › tests/e2e/ui-multirole-accessibility-matrix.spec.ts:429:3 › worker Client Essential surfaces pass axe, responsive and keyboard matrix 

    Error: worker tablet-768 /expenses: [
      {
        "id": "color-contrast",
        "impact": "serious",
        "tags": [
          "cat.color",
          "wcag2aa",
          "wcag143",
          "TTv5",
          "TT13.c",
          "EN-301-549",
          "EN-9.1.4.3",
          "ACT",
          "RGAAv4",
          "RGAA-3.2.1"
        ],
        "description": "Ensure the contrast between foreground and background colors meets WCAG 2 AA minimum contrast ratio thresholds",
        "help": "Elements must meet minimum color contrast ratio thresholds",
        "helpUrl": "https://dequeuniversity.com/rules/axe/4.13/color-contrast?application=playwright",
        "nodes": [
          {
            "any": [
              {
                "id": "color-contrast",
                "data": {
                  "fgColor": "#77766d",
                  "bgColor": "#fbfbfa",
                  "contrastRatio": 4.41,
                  "fontSize": "10.3pt (13.76px)",
                  "fontWeight": "normal",
                  "messageKey": null,
                  "expectedContrastRatio": "4.5:1"
                },
                "relatedNodes": [
                  {
                    "html": "<section class=\"expense-export-panel svelte-90hvho\" aria-labelledby=\"expense-filtered-export-title\">",
                    "target": [
                      "section[aria-labelledby=\"expense-filtered-export-title\"]"
                    ]
                  }
                ],
                "impact": "serious",
                "message": "Element has insufficient color contrast of 4.41 (foreground color: #77766d, background color: #fbfbfa, font size: 10.3pt (13.76px), font weight: normal). Expected contrast ratio of 4.5:1"
              }
            ],
            "all": [],
            "none": [],
            "impact": "serious",
            "html": "<p class=\"svelte-90hvho\">Download exactly the expenses currently selected by the register filters.</p>",
            "target": [
              "section[aria-labelledby=\"expense-filtered-export-title\"] > div:nth-child(1) > p"
            ],
            "failureSummary": "Fix any of the following:\n  Element has insufficient color contrast of 4.41 (foreground color: #77766d, background color: #fbfbfa, font size: 10.3pt (13.76px), font weight: normal). Expected contrast ratio of 4.5:1"
          },
          {
            "any": [
              {
                "id": "color-contrast",
                "data": {
                  "fgColor": "#77766d",
                  "bgColor": "#fbfbfa",
                  "contrastRatio": 4.41,
                  "fontSize": "10.3pt (13.76px)",
                  "fontWeight": "normal",
                  "messageKey": null,
                  "expectedContrastRatio": "4.5:1"
                },
                "relatedNodes": [
                  {
                    "html": "<section class=\"expense-export-panel svelte-90hvho\" aria-labelledby=\"expense-export-title\">",
                    "target": [
                      "section[aria-labelledby=\"expense-export-title\"]"
                    ]
                  }
                ],
                "impact": "serious",
                "message": "Element has insufficient color contrast of 4.41 (foreground color: #77766d, background color: #fbfbfa, font size: 10.3pt (13.76px), font weight: normal). Expected contrast ratio of 4.5:1"
              }
            ],
            "all": [],
            "none": [],
            "impact": "serious",
            "html": "<p class=\"svelte-90hvho\">Choose a separate period and scope without changing the register above.</p>",
            "target": [
              "section[aria-labelledby=\"expense-export-title\"] > div:nth-child(1) > p"
            ],
            "failureSummary": "Fix any of the following:\n  Element has insufficient color contrast of 4.41 (foreground color: #77766d, background color: #fbfbfa, font size: 10.3pt (13.76px), font weight: normal). Expected contrast ratio of 4.5:1"
          }
        ]
      }
    ]

    expect(received).toEqual(expected) // deep equality

    - Expected  -  1
    + Received  + 93

    - Array []
    + Array [
    +   Object {
    +     "description": "Ensure the contrast between foreground and background colors meets WCAG 2 AA minimum contrast ratio thresholds",
    +     "help": "Elements must meet minimum color contrast ratio thresholds",
    +     "helpUrl": "https://dequeuniversity.com/rules/axe/4.13/color-contrast?application=playwright",
    +     "id": "color-contrast",
    +     "impact": "serious",
    +     "nodes": Array [
    +       Object {
    +         "all": Array [],
    +         "any": Array [
    +           Object {
    +             "data": Object {
    +               "bgColor": "#fbfbfa",
    +               "contrastRatio": 4.41,
    +               "expectedContrastRatio": "4.5:1",
    +               "fgColor": "#77766d",
    +               "fontSize": "10.3pt (13.76px)",
    +               "fontWeight": "normal",
    +               "messageKey": null,
    +             },
    +             "id": "color-contrast",
    +             "impact": "serious",
    +             "message": "Element has insufficient color contrast of 4.41 (foreground color: #77766d, background color: #fbfbfa, font size: 10.3pt (13.76px), font weight: normal). Expected contrast ratio of 4.5:1",
    +             "relatedNodes": Array [
    +               Object {
    +                 "html": "<section class=\"expense-export-panel svelte-90hvho\" aria-labelledby=\"expense-filtered-export-title\">",
    +                 "target": Array [
    +                   "section[aria-labelledby=\"expense-filtered-export-title\"]",
    +                 ],
    +               },
    +             ],
    +           },
    +         ],
    +         "failureSummary": "Fix any of the following:
    +   Element has insufficient color contrast of 4.41 (foreground color: #77766d, background color: #fbfbfa, font size: 10.3pt (13.76px), font weight: normal). Expected contrast ratio of 4.5:1",
    +         "html": "<p class=\"svelte-90hvho\">Download exactly the expenses currently selected by the register filters.</p>",
    +         "impact": "serious",
    +         "none": Array [],
    +         "target": Array [
    +           "section[aria-labelledby=\"expense-filtered-export-title\"] > div:nth-child(1) > p",
    +         ],
    +       },
    +       Object {
    +         "all": Array [],
    +         "any": Array [
    +           Object {
    +             "data": Object {
    +               "bgColor": "#fbfbfa",
    +               "contrastRatio": 4.41,
    +               "expectedContrastRatio": "4.5:1",
    +               "fgColor": "#77766d",
    +               "fontSize": "10.3pt (13.76px)",
    +               "fontWeight": "normal",
    +               "messageKey": null,
    +             },
    +             "id": "color-contrast",
    +             "impact": "serious",
    +             "message": "Element has insufficient color contrast of 4.41 (foreground color: #77766d, background color: #fbfbfa, font size: 10.3pt (13.76px), font weight: normal). Expected contrast ratio of 4.5:1",
    +             "relatedNodes": Array [
    +               Object {
    +                 "html": "<section class=\"expense-export-panel svelte-90hvho\" aria-labelledby=\"expense-export-title\">",
    +                 "target": Array [
    +                   "section[aria-labelledby=\"expense-export-title\"]",
    +                 ],
    +               },
    +             ],
    +           },
    +         ],
    +         "failureSummary": "Fix any of the following:
    +   Element has insufficient color contrast of 4.41 (foreground color: #77766d, background color: #fbfbfa, font size: 10.3pt (13.76px), font weight: normal). Expected contrast ratio of 4.5:1",
    +         "html": "<p class=\"svelte-90hvho\">Choose a separate period and scope without changing the register above.</p>",
    +         "impact": "serious",
    +         "none": Array [],
    +         "target": Array [
    +           "section[aria-labelledby=\"expense-export-title\"] > div:nth-child(1) > p",
    +         ],
    +       },
    +     ],
    +     "tags": Array [
    +       "cat.color",
    +       "wcag2aa",
    +       "wcag143",
    +       "TTv5",
    +       "TT13.c",
    +       "EN-301-549",
    +       "EN-9.1.4.3",
    +       "ACT",
    +       "RGAAv4",
    +       "RGAA-3.2.1",
    +     ],
    +   },
    + ]

      138 |     .withTags(['wcag2a', 'wcag2aa', 'wcag21aa'])
      139 |     .analyze();
    > 140 |   expect(result.violations, `${context}: ${JSON.stringify(result.violations, null, 2)}`).toEqual(
          |                                                                                          ^
      141 |     [],
      142 |   );
      143 | }
        at expectNoAxeViolations (/home/kripta/ja-automation-platform-vps-hotfix/tests/e2e/ui-multirole-accessibility-matrix.spec.ts:140:90)
        at /home/kripta/ja-automation-platform-vps-hotfix/tests/e2e/ui-multirole-accessibility-matrix.spec.ts:452:7

    Error Context: test-results/ui-multirole-accessibility-2785a-ponsive-and-keyboard-matrix-tablet-768/error-context.md

    attachment #2: trace (application/zip) ─────────────────────────────────────────────────────────
    test-results/ui-multirole-accessibility-2785a-ponsive-and-keyboard-matrix-tablet-768/trace.zip
    Usage:

        pnpm exec playwright show-trace test-results/ui-multirole-accessibility-2785a-ponsive-and-keyboard-matrix-tablet-768/trace.zip

    ────────────────────────────────────────────────────────────────────────────────────────────────

  11) [tablet-768] › tests/e2e/ui-multirole-accessibility-matrix.spec.ts:429:3 › finance Client Essential surfaces pass axe, responsive and keyboard matrix 

    Error: finance open navigation: [
      {
        "id": "color-contrast",
        "impact": "serious",
        "tags": [
          "cat.color",
          "wcag2aa",
          "wcag143",
          "TTv5",
          "TT13.c",
          "EN-301-549",
          "EN-9.1.4.3",
          "ACT",
          "RGAAv4",
          "RGAA-3.2.1"
        ],
        "description": "Ensure the contrast between foreground and background colors meets WCAG 2 AA minimum contrast ratio thresholds",
        "help": "Elements must meet minimum color contrast ratio thresholds",
        "helpUrl": "https://dequeuniversity.com/rules/axe/4.13/color-contrast?application=playwright",
        "nodes": [
          {
            "any": [
              {
                "id": "color-contrast",
                "data": {
                  "fgColor": "#77766d",
                  "bgColor": "#fdfdfd",
                  "contrastRatio": 4.49,
                  "fontSize": "9.4pt (12.48px)",
                  "fontWeight": "normal",
                  "messageKey": null,
                  "expectedContrastRatio": "4.5:1"
                },
                "relatedNodes": [
                  {
                    "html": "<div class=\"finance-overview__cash svelte-102c35v\" aria-label=\"Cash and liquidity\">",
                    "target": [
                      ".finance-overview__cash"
                    ]
                  }
                ],
                "impact": "serious",
                "message": "Element has insufficient color contrast of 4.49 (foreground color: #77766d, background color: #fdfdfd, font size: 9.4pt (12.48px), font weight: normal). Expected contrast ratio of 4.5:1"
              }
            ],
            "all": [],
            "none": [],
            "impact": "serious",
            "html": "<a class=\"finance-overview__cash-link svelte-102c35v\" href=\"/j-aautomation/app/ledger?project=01a0c5e3-0505-7578-97ed-4c3805c8a913&amp;status=collected\" data-metric=\"collected\">Collected (actual): <strong class=\"svelte-102c35v\">$0.00</strong></a>",
            "target": [
              "a[data-metric=\"collected\"]"
            ],
            "failureSummary": "Fix any of the following:\n  Element has insufficient color contrast of 4.49 (foreground color: #77766d, background color: #fdfdfd, font size: 9.4pt (12.48px), font weight: normal). Expected contrast ratio of 4.5:1"
          },
          {
            "any": [
              {
                "id": "color-contrast",
                "data": {
                  "fgColor": "#77766d",
                  "bgColor": "#fdfdfd",
                  "contrastRatio": 4.49,
                  "fontSize": "9.4pt (12.48px)",
                  "fontWeight": "normal",
                  "messageKey": null,
                  "expectedContrastRatio": "4.5:1"
                },
                "relatedNodes": [
                  {
                    "html": "<div class=\"finance-overview__cash svelte-102c35v\" aria-label=\"Cash and liquidity\">",
                    "target": [
                      ".finance-overview__cash"
                    ]
                  }
                ],
                "impact": "serious",
                "message": "Element has insufficient color contrast of 4.49 (foreground color: #77766d, background color: #fdfdfd, font size: 9.4pt (12.48px), font weight: normal). Expected contrast ratio of 4.5:1"
              }
            ],
            "all": [],
            "none": [],
            "impact": "serious",
            "html": "<a class=\"finance-overview__cash-link svelte-102c35v\" href=\"/j-aautomation/app/ledger?project=01a0c5e3-0505-7578-97ed-4c3805c8a913&amp;status=outstanding\" data-metric=\"outstanding\">Outstanding (actual): <strong class=\"svelte-102c35v\">$0.00</strong></a>",
            "target": [
              "a[data-metric=\"outstanding\"]"
            ],
            "failureSummary": "Fix any of the following:\n  Element has insufficient color contrast of 4.49 (foreground color: #77766d, background color: #fdfdfd, font size: 9.4pt (12.48px), font weight: normal). Expected contrast ratio of 4.5:1"
          },
          {
            "any": [
              {
                "id": "color-contrast",
                "data": {
                  "fgColor": "#77766d",
                  "bgColor": "#fdfdfd",
                  "contrastRatio": 4.49,
                  "fontSize": "9.4pt (12.48px)",
                  "fontWeight": "normal",
                  "messageKey": null,
                  "expectedContrastRatio": "4.5:1"
                },
                "relatedNodes": [
                  {
                    "html": "<div class=\"finance-overview__cash svelte-102c35v\" aria-label=\"Cash and liquidity\">",
                    "target": [
                      ".finance-overview__cash"
                    ]
                  }
                ],
                "impact": "serious",
                "message": "Element has insufficient color contrast of 4.49 (foreground color: #77766d, background color: #fdfdfd, font size: 9.4pt (12.48px), font weight: normal). Expected contrast ratio of 4.5:1"
              }
            ],
            "all": [],
            "none": [],
            "impact": "serious",
            "html": "<span data-metric=\"approved-wip\" class=\"svelte-102c35v\">Approved unbilled WIP: <strong class=\"svelte-102c35v\">$13,150.00</strong></span>",
            "target": [
              "span[data-metric=\"approved-wip\"]"
            ],
            "failureSummary": "Fix any of the following:\n  Element has insufficient color contrast of 4.49 (foreground color: #77766d, background color: #fdfdfd, font size: 9.4pt (12.48px), font weight: normal). Expected contrast ratio of 4.5:1"
          },
          {
            "any": [
              {
                "id": "color-contrast",
                "data": {
                  "fgColor": "#77766d",
                  "bgColor": "#fdfdfd",
                  "contrastRatio": 4.49,
                  "fontSize": "9.4pt (12.48px)",
                  "fontWeight": "normal",
                  "messageKey": null,
                  "expectedContrastRatio": "4.5:1"
                },
                "relatedNodes": [
                  {
                    "html": "<div class=\"finance-overview__cash svelte-102c35v\" aria-label=\"Cash and liquidity\">",
                    "target": [
                      ".finance-overview__cash"
                    ]
                  }
                ],
                "impact": "serious",
                "message": "Element has insufficient color contrast of 4.49 (foreground color: #77766d, background color: #fdfdfd, font size: 9.4pt (12.48px), font weight: normal). Expected contrast ratio of 4.5:1"
              }
            ],
            "all": [],
            "none": [],
            "impact": "serious",
            "html": "<span data-metric=\"revenue-candidate\" class=\"svelte-102c35v\">Revenue candidate: <strong class=\"svelte-102c35v\">$18,400.00</strong></span>",
            "target": [
              "span[data-metric=\"revenue-candidate\"]"
            ],
            "failureSummary": "Fix any of the following:\n  Element has insufficient color contrast of 4.49 (foreground color: #77766d, background color: #fdfdfd, font size: 9.4pt (12.48px), font weight: normal). Expected contrast ratio of 4.5:1"
          }
        ]
      }
    ]

    expect(received).toEqual(expected) // deep equality

    - Expected  -   1
    + Received  + 163

    - Array []
    + Array [
    +   Object {
    +     "description": "Ensure the contrast between foreground and background colors meets WCAG 2 AA minimum contrast ratio thresholds",
    +     "help": "Elements must meet minimum color contrast ratio thresholds",
    +     "helpUrl": "https://dequeuniversity.com/rules/axe/4.13/color-contrast?application=playwright",
    +     "id": "color-contrast",
    +     "impact": "serious",
    +     "nodes": Array [
    +       Object {
    +         "all": Array [],
    +         "any": Array [
    +           Object {
    +             "data": Object {
    +               "bgColor": "#fdfdfd",
    +               "contrastRatio": 4.49,
    +               "expectedContrastRatio": "4.5:1",
    +               "fgColor": "#77766d",
    +               "fontSize": "9.4pt (12.48px)",
    +               "fontWeight": "normal",
    +               "messageKey": null,
    +             },
    +             "id": "color-contrast",
    +             "impact": "serious",
    +             "message": "Element has insufficient color contrast of 4.49 (foreground color: #77766d, background color: #fdfdfd, font size: 9.4pt (12.48px), font weight: normal). Expected contrast ratio of 4.5:1",
    +             "relatedNodes": Array [
    +               Object {
    +                 "html": "<div class=\"finance-overview__cash svelte-102c35v\" aria-label=\"Cash and liquidity\">",
    +                 "target": Array [
    +                   ".finance-overview__cash",
    +                 ],
    +               },
    +             ],
    +           },
    +         ],
    +         "failureSummary": "Fix any of the following:
    +   Element has insufficient color contrast of 4.49 (foreground color: #77766d, background color: #fdfdfd, font size: 9.4pt (12.48px), font weight: normal). Expected contrast ratio of 4.5:1",
    +         "html": "<a class=\"finance-overview__cash-link svelte-102c35v\" href=\"/j-aautomation/app/ledger?project=01a0c5e3-0505-7578-97ed-4c3805c8a913&amp;status=collected\" data-metric=\"collected\">Collected (actual): <strong class=\"svelte-102c35v\">$0.00</strong></a>",
    +         "impact": "serious",
    +         "none": Array [],
    +         "target": Array [
    +           "a[data-metric=\"collected\"]",
    +         ],
    +       },
    +       Object {
    +         "all": Array [],
    +         "any": Array [
    +           Object {
    +             "data": Object {
    +               "bgColor": "#fdfdfd",
    +               "contrastRatio": 4.49,
    +               "expectedContrastRatio": "4.5:1",
    +               "fgColor": "#77766d",
    +               "fontSize": "9.4pt (12.48px)",
    +               "fontWeight": "normal",
    +               "messageKey": null,
    +             },
    +             "id": "color-contrast",
    +             "impact": "serious",
    +             "message": "Element has insufficient color contrast of 4.49 (foreground color: #77766d, background color: #fdfdfd, font size: 9.4pt (12.48px), font weight: normal). Expected contrast ratio of 4.5:1",
    +             "relatedNodes": Array [
    +               Object {
    +                 "html": "<div class=\"finance-overview__cash svelte-102c35v\" aria-label=\"Cash and liquidity\">",
    +                 "target": Array [
    +                   ".finance-overview__cash",
    +                 ],
    +               },
    +             ],
    +           },
    +         ],
    +         "failureSummary": "Fix any of the following:
    +   Element has insufficient color contrast of 4.49 (foreground color: #77766d, background color: #fdfdfd, font size: 9.4pt (12.48px), font weight: normal). Expected contrast ratio of 4.5:1",
    +         "html": "<a class=\"finance-overview__cash-link svelte-102c35v\" href=\"/j-aautomation/app/ledger?project=01a0c5e3-0505-7578-97ed-4c3805c8a913&amp;status=outstanding\" data-metric=\"outstanding\">Outstanding (actual): <strong class=\"svelte-102c35v\">$0.00</strong></a>",
    +         "impact": "serious",
    +         "none": Array [],
    +         "target": Array [
    +           "a[data-metric=\"outstanding\"]",
    +         ],
    +       },
    +       Object {
    +         "all": Array [],
    +         "any": Array [
    +           Object {
    +             "data": Object {
    +               "bgColor": "#fdfdfd",
    +               "contrastRatio": 4.49,
    +               "expectedContrastRatio": "4.5:1",
    +               "fgColor": "#77766d",
    +               "fontSize": "9.4pt (12.48px)",
    +               "fontWeight": "normal",
    +               "messageKey": null,
    +             },
    +             "id": "color-contrast",
    +             "impact": "serious",
    +             "message": "Element has insufficient color contrast of 4.49 (foreground color: #77766d, background color: #fdfdfd, font size: 9.4pt (12.48px), font weight: normal). Expected contrast ratio of 4.5:1",
    +             "relatedNodes": Array [
    +               Object {
    +                 "html": "<div class=\"finance-overview__cash svelte-102c35v\" aria-label=\"Cash and liquidity\">",
    +                 "target": Array [
    +                   ".finance-overview__cash",
    +                 ],
    +               },
    +             ],
    +           },
    +         ],
    +         "failureSummary": "Fix any of the following:
    +   Element has insufficient color contrast of 4.49 (foreground color: #77766d, background color: #fdfdfd, font size: 9.4pt (12.48px), font weight: normal). Expected contrast ratio of 4.5:1",
    +         "html": "<span data-metric=\"approved-wip\" class=\"svelte-102c35v\">Approved unbilled WIP: <strong class=\"svelte-102c35v\">$13,150.00</strong></span>",
    +         "impact": "serious",
    +         "none": Array [],
    +         "target": Array [
    +           "span[data-metric=\"approved-wip\"]",
    +         ],
    +       },
    +       Object {
    +         "all": Array [],
    +         "any": Array [
    +           Object {
    +             "data": Object {
    +               "bgColor": "#fdfdfd",
    +               "contrastRatio": 4.49,
    +               "expectedContrastRatio": "4.5:1",
    +               "fgColor": "#77766d",
    +               "fontSize": "9.4pt (12.48px)",
    +               "fontWeight": "normal",
    +               "messageKey": null,
    +             },
    +             "id": "color-contrast",
    +             "impact": "serious",
    +             "message": "Element has insufficient color contrast of 4.49 (foreground color: #77766d, background color: #fdfdfd, font size: 9.4pt (12.48px), font weight: normal). Expected contrast ratio of 4.5:1",
    +             "relatedNodes": Array [
    +               Object {
    +                 "html": "<div class=\"finance-overview__cash svelte-102c35v\" aria-label=\"Cash and liquidity\">",
    +                 "target": Array [
    +                   ".finance-overview__cash",
    +                 ],
    +               },
    +             ],
    +           },
    +         ],
    +         "failureSummary": "Fix any of the following:
    +   Element has insufficient color contrast of 4.49 (foreground color: #77766d, background color: #fdfdfd, font size: 9.4pt (12.48px), font weight: normal). Expected contrast ratio of 4.5:1",
    +         "html": "<span data-metric=\"revenue-candidate\" class=\"svelte-102c35v\">Revenue candidate: <strong class=\"svelte-102c35v\">$18,400.00</strong></span>",
    +         "impact": "serious",
    +         "none": Array [],
    +         "target": Array [
    +           "span[data-metric=\"revenue-candidate\"]",
    +         ],
    +       },
    +     ],
    +     "tags": Array [
    +       "cat.color",
    +       "wcag2aa",
    +       "wcag143",
    +       "TTv5",
    +       "TT13.c",
    +       "EN-301-549",
    +       "EN-9.1.4.3",
    +       "ACT",
    +       "RGAAv4",
    +       "RGAA-3.2.1",
    +     ],
    +   },
    + ]

      138 |     .withTags(['wcag2a', 'wcag2aa', 'wcag21aa'])
      139 |     .analyze();
    > 140 |   expect(result.violations, `${context}: ${JSON.stringify(result.violations, null, 2)}`).toEqual(
          |                                                                                          ^
      141 |     [],
      142 |   );
      143 | }
        at expectNoAxeViolations (/home/kripta/ja-automation-platform-vps-hotfix/tests/e2e/ui-multirole-accessibility-matrix.spec.ts:140:90)
        at expectRoleNavigation (/home/kripta/ja-automation-platform-vps-hotfix/tests/e2e/ui-multirole-accessibility-matrix.spec.ts:312:5)
        at /home/kripta/ja-automation-platform-vps-hotfix/tests/e2e/ui-multirole-accessibility-matrix.spec.ts:443:5

    Error Context: test-results/ui-multirole-accessibility-59858-ponsive-and-keyboard-matrix-tablet-768/error-context.md

    attachment #2: trace (application/zip) ─────────────────────────────────────────────────────────
    test-results/ui-multirole-accessibility-59858-ponsive-and-keyboard-matrix-tablet-768/trace.zip
    Usage:

        pnpm exec playwright show-trace test-results/ui-multirole-accessibility-59858-ponsive-and-keyboard-matrix-tablet-768/trace.zip

    ────────────────────────────────────────────────────────────────────────────────────────────────

  12) [tablet-768] › tests/e2e/ui-multirole-accessibility-matrix.spec.ts:429:3 › owner Client Essential surfaces pass axe, responsive and keyboard matrix 

    Error: owner tablet-768 /projects?view=team: [
      {
        "id": "color-contrast",
        "impact": "serious",
        "tags": [
          "cat.color",
          "wcag2aa",
          "wcag143",
          "TTv5",
          "TT13.c",
          "EN-301-549",
          "EN-9.1.4.3",
          "ACT",
          "RGAAv4",
          "RGAA-3.2.1"
        ],
        "description": "Ensure the contrast between foreground and background colors meets WCAG 2 AA minimum contrast ratio thresholds",
        "help": "Elements must meet minimum color contrast ratio thresholds",
        "helpUrl": "https://dequeuniversity.com/rules/axe/4.13/color-contrast?application=playwright",
        "nodes": [
          {
            "any": [
              {
                "id": "color-contrast",
                "data": {
                  "fgColor": "#77766d",
                  "bgColor": "#fdfdfd",
                  "contrastRatio": 4.49,
                  "fontSize": "8.6pt (11.52px)",
                  "fontWeight": "bold",
                  "messageKey": null,
                  "expectedContrastRatio": "4.5:1"
                },
                "relatedNodes": [
                  {
                    "html": "<section class=\"team-directory__provisioning svelte-1ex39d0\" aria-labelledby=\"team-create-user-title\">",
                    "target": [
                      ".team-directory__provisioning"
                    ]
                  }
                ],
                "impact": "serious",
                "message": "Element has insufficient color contrast of 4.49 (foreground color: #77766d, background color: #fdfdfd, font size: 8.6pt (11.52px), font weight: bold). Expected contrast ratio of 4.5:1"
              }
            ],
            "all": [],
            "none": [],
            "impact": "serious",
            "html": "<p class=\"team-directory__eyebrow svelte-1ex39d0\">SECURE USER PROVISIONING</p>",
            "target": [
              ".team-directory__provisioning-heading > div > .team-directory__eyebrow"
            ],
            "failureSummary": "Fix any of the following:\n  Element has insufficient color contrast of 4.49 (foreground color: #77766d, background color: #fdfdfd, font size: 8.6pt (11.52px), font weight: bold). Expected contrast ratio of 4.5:1"
          }
        ]
      }
    ]

    expect(received).toEqual(expected) // deep equality

    - Expected  -  1
    + Received  + 58

    - Array []
    + Array [
    +   Object {
    +     "description": "Ensure the contrast between foreground and background colors meets WCAG 2 AA minimum contrast ratio thresholds",
    +     "help": "Elements must meet minimum color contrast ratio thresholds",
    +     "helpUrl": "https://dequeuniversity.com/rules/axe/4.13/color-contrast?application=playwright",
    +     "id": "color-contrast",
    +     "impact": "serious",
    +     "nodes": Array [
    +       Object {
    +         "all": Array [],
    +         "any": Array [
    +           Object {
    +             "data": Object {
    +               "bgColor": "#fdfdfd",
    +               "contrastRatio": 4.49,
    +               "expectedContrastRatio": "4.5:1",
    +               "fgColor": "#77766d",
    +               "fontSize": "8.6pt (11.52px)",
    +               "fontWeight": "bold",
    +               "messageKey": null,
    +             },
    +             "id": "color-contrast",
    +             "impact": "serious",
    +             "message": "Element has insufficient color contrast of 4.49 (foreground color: #77766d, background color: #fdfdfd, font size: 8.6pt (11.52px), font weight: bold). Expected contrast ratio of 4.5:1",
    +             "relatedNodes": Array [
    +               Object {
    +                 "html": "<section class=\"team-directory__provisioning svelte-1ex39d0\" aria-labelledby=\"team-create-user-title\">",
    +                 "target": Array [
    +                   ".team-directory__provisioning",
    +                 ],
    +               },
    +             ],
    +           },
    +         ],
    +         "failureSummary": "Fix any of the following:
    +   Element has insufficient color contrast of 4.49 (foreground color: #77766d, background color: #fdfdfd, font size: 8.6pt (11.52px), font weight: bold). Expected contrast ratio of 4.5:1",
    +         "html": "<p class=\"team-directory__eyebrow svelte-1ex39d0\">SECURE USER PROVISIONING</p>",
    +         "impact": "serious",
    +         "none": Array [],
    +         "target": Array [
    +           ".team-directory__provisioning-heading > div > .team-directory__eyebrow",
    +         ],
    +       },
    +     ],
    +     "tags": Array [
    +       "cat.color",
    +       "wcag2aa",
    +       "wcag143",
    +       "TTv5",
    +       "TT13.c",
    +       "EN-301-549",
    +       "EN-9.1.4.3",
    +       "ACT",
    +       "RGAAv4",
    +       "RGAA-3.2.1",
    +     ],
    +   },
    + ]

      138 |     .withTags(['wcag2a', 'wcag2aa', 'wcag21aa'])
      139 |     .analyze();
    > 140 |   expect(result.violations, `${context}: ${JSON.stringify(result.violations, null, 2)}`).toEqual(
          |                                                                                          ^
      141 |     [],
      142 |   );
      143 | }
        at expectNoAxeViolations (/home/kripta/ja-automation-platform-vps-hotfix/tests/e2e/ui-multirole-accessibility-matrix.spec.ts:140:90)
        at /home/kripta/ja-automation-platform-vps-hotfix/tests/e2e/ui-multirole-accessibility-matrix.spec.ts:452:7

    Error Context: test-results/ui-multirole-accessibility-f3610-ponsive-and-keyboard-matrix-tablet-768/error-context.md

    attachment #2: trace (application/zip) ─────────────────────────────────────────────────────────
    test-results/ui-multirole-accessibility-f3610-ponsive-and-keyboard-matrix-tablet-768/trace.zip
    Usage:

        pnpm exec playwright show-trace test-results/ui-multirole-accessibility-f3610-ponsive-and-keyboard-matrix-tablet-768/trace.zip

    ────────────────────────────────────────────────────────────────────────────────────────────────

  13) [tablet-768] › tests/e2e/ui-multirole-accessibility-matrix.spec.ts:429:3 › auditor Client Essential surfaces pass axe, responsive and keyboard matrix 

    Error: auditor open navigation: [
      {
        "id": "color-contrast",
        "impact": "serious",
        "tags": [
          "cat.color",
          "wcag2aa",
          "wcag143",
          "TTv5",
          "TT13.c",
          "EN-301-549",
          "EN-9.1.4.3",
          "ACT",
          "RGAAv4",
          "RGAA-3.2.1"
        ],
        "description": "Ensure the contrast between foreground and background colors meets WCAG 2 AA minimum contrast ratio thresholds",
        "help": "Elements must meet minimum color contrast ratio thresholds",
        "helpUrl": "https://dequeuniversity.com/rules/axe/4.13/color-contrast?application=playwright",
        "nodes": [
          {
            "any": [
              {
                "id": "color-contrast",
                "data": {
                  "fgColor": "#77766d",
                  "bgColor": "#fdfdfd",
                  "contrastRatio": 4.49,
                  "fontSize": "9.4pt (12.48px)",
                  "fontWeight": "normal",
                  "messageKey": null,
                  "expectedContrastRatio": "4.5:1"
                },
                "relatedNodes": [
                  {
                    "html": "<div class=\"finance-overview__cash svelte-102c35v\" aria-label=\"Cash and liquidity\">",
                    "target": [
                      ".finance-overview__cash"
                    ]
                  }
                ],
                "impact": "serious",
                "message": "Element has insufficient color contrast of 4.49 (foreground color: #77766d, background color: #fdfdfd, font size: 9.4pt (12.48px), font weight: normal). Expected contrast ratio of 4.5:1"
              }
            ],
            "all": [],
            "none": [],
            "impact": "serious",
            "html": "<a class=\"finance-overview__cash-link svelte-102c35v\" href=\"/j-aautomation/app/ledger?project=01a0c5e3-0505-7578-97ed-4c3805c8a913&amp;status=collected\" data-metric=\"collected\">Collected (actual): <strong class=\"svelte-102c35v\">$0.00</strong></a>",
            "target": [
              "a[data-metric=\"collected\"]"
            ],
            "failureSummary": "Fix any of the following:\n  Element has insufficient color contrast of 4.49 (foreground color: #77766d, background color: #fdfdfd, font size: 9.4pt (12.48px), font weight: normal). Expected contrast ratio of 4.5:1"
          },
          {
            "any": [
              {
                "id": "color-contrast",
                "data": {
                  "fgColor": "#77766d",
                  "bgColor": "#fdfdfd",
                  "contrastRatio": 4.49,
                  "fontSize": "9.4pt (12.48px)",
                  "fontWeight": "normal",
                  "messageKey": null,
                  "expectedContrastRatio": "4.5:1"
                },
                "relatedNodes": [
                  {
                    "html": "<div class=\"finance-overview__cash svelte-102c35v\" aria-label=\"Cash and liquidity\">",
                    "target": [
                      ".finance-overview__cash"
                    ]
                  }
                ],
                "impact": "serious",
                "message": "Element has insufficient color contrast of 4.49 (foreground color: #77766d, background color: #fdfdfd, font size: 9.4pt (12.48px), font weight: normal). Expected contrast ratio of 4.5:1"
              }
            ],
            "all": [],
            "none": [],
            "impact": "serious",
            "html": "<a class=\"finance-overview__cash-link svelte-102c35v\" href=\"/j-aautomation/app/ledger?project=01a0c5e3-0505-7578-97ed-4c3805c8a913&amp;status=outstanding\" data-metric=\"outstanding\">Outstanding (actual): <strong class=\"svelte-102c35v\">$0.00</strong></a>",
            "target": [
              "a[data-metric=\"outstanding\"]"
            ],
            "failureSummary": "Fix any of the following:\n  Element has insufficient color contrast of 4.49 (foreground color: #77766d, background color: #fdfdfd, font size: 9.4pt (12.48px), font weight: normal). Expected contrast ratio of 4.5:1"
          },
          {
            "any": [
              {
                "id": "color-contrast",
                "data": {
                  "fgColor": "#77766d",
                  "bgColor": "#fdfdfd",
                  "contrastRatio": 4.49,
                  "fontSize": "9.4pt (12.48px)",
                  "fontWeight": "normal",
                  "messageKey": null,
                  "expectedContrastRatio": "4.5:1"
                },
                "relatedNodes": [
                  {
                    "html": "<div class=\"finance-overview__cash svelte-102c35v\" aria-label=\"Cash and liquidity\">",
                    "target": [
                      ".finance-overview__cash"
                    ]
                  }
                ],
                "impact": "serious",
                "message": "Element has insufficient color contrast of 4.49 (foreground color: #77766d, background color: #fdfdfd, font size: 9.4pt (12.48px), font weight: normal). Expected contrast ratio of 4.5:1"
              }
            ],
            "all": [],
            "none": [],
            "impact": "serious",
            "html": "<span data-metric=\"approved-wip\" class=\"svelte-102c35v\">Approved unbilled WIP: <strong class=\"svelte-102c35v\">$13,150.00</strong></span>",
            "target": [
              "span[data-metric=\"approved-wip\"]"
            ],
            "failureSummary": "Fix any of the following:\n  Element has insufficient color contrast of 4.49 (foreground color: #77766d, background color: #fdfdfd, font size: 9.4pt (12.48px), font weight: normal). Expected contrast ratio of 4.5:1"
          },
          {
            "any": [
              {
                "id": "color-contrast",
                "data": {
                  "fgColor": "#77766d",
                  "bgColor": "#fdfdfd",
                  "contrastRatio": 4.49,
                  "fontSize": "9.4pt (12.48px)",
                  "fontWeight": "normal",
                  "messageKey": null,
                  "expectedContrastRatio": "4.5:1"
                },
                "relatedNodes": [
                  {
                    "html": "<div class=\"finance-overview__cash svelte-102c35v\" aria-label=\"Cash and liquidity\">",
                    "target": [
                      ".finance-overview__cash"
                    ]
                  }
                ],
                "impact": "serious",
                "message": "Element has insufficient color contrast of 4.49 (foreground color: #77766d, background color: #fdfdfd, font size: 9.4pt (12.48px), font weight: normal). Expected contrast ratio of 4.5:1"
              }
            ],
            "all": [],
            "none": [],
            "impact": "serious",
            "html": "<span data-metric=\"revenue-candidate\" class=\"svelte-102c35v\">Revenue candidate: <strong class=\"svelte-102c35v\">$18,400.00</strong></span>",
            "target": [
              "span[data-metric=\"revenue-candidate\"]"
            ],
            "failureSummary": "Fix any of the following:\n  Element has insufficient color contrast of 4.49 (foreground color: #77766d, background color: #fdfdfd, font size: 9.4pt (12.48px), font weight: normal). Expected contrast ratio of 4.5:1"
          }
        ]
      }
    ]

    expect(received).toEqual(expected) // deep equality

    - Expected  -   1
    + Received  + 163

    - Array []
    + Array [
    +   Object {
    +     "description": "Ensure the contrast between foreground and background colors meets WCAG 2 AA minimum contrast ratio thresholds",
    +     "help": "Elements must meet minimum color contrast ratio thresholds",
    +     "helpUrl": "https://dequeuniversity.com/rules/axe/4.13/color-contrast?application=playwright",
    +     "id": "color-contrast",
    +     "impact": "serious",
    +     "nodes": Array [
    +       Object {
    +         "all": Array [],
    +         "any": Array [
    +           Object {
    +             "data": Object {
    +               "bgColor": "#fdfdfd",
    +               "contrastRatio": 4.49,
    +               "expectedContrastRatio": "4.5:1",
    +               "fgColor": "#77766d",
    +               "fontSize": "9.4pt (12.48px)",
    +               "fontWeight": "normal",
    +               "messageKey": null,
    +             },
    +             "id": "color-contrast",
    +             "impact": "serious",
    +             "message": "Element has insufficient color contrast of 4.49 (foreground color: #77766d, background color: #fdfdfd, font size: 9.4pt (12.48px), font weight: normal). Expected contrast ratio of 4.5:1",
    +             "relatedNodes": Array [
    +               Object {
    +                 "html": "<div class=\"finance-overview__cash svelte-102c35v\" aria-label=\"Cash and liquidity\">",
    +                 "target": Array [
    +                   ".finance-overview__cash",
    +                 ],
    +               },
    +             ],
    +           },
    +         ],
    +         "failureSummary": "Fix any of the following:
    +   Element has insufficient color contrast of 4.49 (foreground color: #77766d, background color: #fdfdfd, font size: 9.4pt (12.48px), font weight: normal). Expected contrast ratio of 4.5:1",
    +         "html": "<a class=\"finance-overview__cash-link svelte-102c35v\" href=\"/j-aautomation/app/ledger?project=01a0c5e3-0505-7578-97ed-4c3805c8a913&amp;status=collected\" data-metric=\"collected\">Collected (actual): <strong class=\"svelte-102c35v\">$0.00</strong></a>",
    +         "impact": "serious",
    +         "none": Array [],
    +         "target": Array [
    +           "a[data-metric=\"collected\"]",
    +         ],
    +       },
    +       Object {
    +         "all": Array [],
    +         "any": Array [
    +           Object {
    +             "data": Object {
    +               "bgColor": "#fdfdfd",
    +               "contrastRatio": 4.49,
    +               "expectedContrastRatio": "4.5:1",
    +               "fgColor": "#77766d",
    +               "fontSize": "9.4pt (12.48px)",
    +               "fontWeight": "normal",
    +               "messageKey": null,
    +             },
    +             "id": "color-contrast",
    +             "impact": "serious",
    +             "message": "Element has insufficient color contrast of 4.49 (foreground color: #77766d, background color: #fdfdfd, font size: 9.4pt (12.48px), font weight: normal). Expected contrast ratio of 4.5:1",
    +             "relatedNodes": Array [
    +               Object {
    +                 "html": "<div class=\"finance-overview__cash svelte-102c35v\" aria-label=\"Cash and liquidity\">",
    +                 "target": Array [
    +                   ".finance-overview__cash",
    +                 ],
    +               },
    +             ],
    +           },
    +         ],
    +         "failureSummary": "Fix any of the following:
    +   Element has insufficient color contrast of 4.49 (foreground color: #77766d, background color: #fdfdfd, font size: 9.4pt (12.48px), font weight: normal). Expected contrast ratio of 4.5:1",
    +         "html": "<a class=\"finance-overview__cash-link svelte-102c35v\" href=\"/j-aautomation/app/ledger?project=01a0c5e3-0505-7578-97ed-4c3805c8a913&amp;status=outstanding\" data-metric=\"outstanding\">Outstanding (actual): <strong class=\"svelte-102c35v\">$0.00</strong></a>",
    +         "impact": "serious",
    +         "none": Array [],
    +         "target": Array [
    +           "a[data-metric=\"outstanding\"]",
    +         ],
    +       },
    +       Object {
    +         "all": Array [],
    +         "any": Array [
    +           Object {
    +             "data": Object {
    +               "bgColor": "#fdfdfd",
    +               "contrastRatio": 4.49,
    +               "expectedContrastRatio": "4.5:1",
    +               "fgColor": "#77766d",
    +               "fontSize": "9.4pt (12.48px)",
    +               "fontWeight": "normal",
    +               "messageKey": null,
    +             },
    +             "id": "color-contrast",
    +             "impact": "serious",
    +             "message": "Element has insufficient color contrast of 4.49 (foreground color: #77766d, background color: #fdfdfd, font size: 9.4pt (12.48px), font weight: normal). Expected contrast ratio of 4.5:1",
    +             "relatedNodes": Array [
    +               Object {
    +                 "html": "<div class=\"finance-overview__cash svelte-102c35v\" aria-label=\"Cash and liquidity\">",
    +                 "target": Array [
    +                   ".finance-overview__cash",
    +                 ],
    +               },
    +             ],
    +           },
    +         ],
    +         "failureSummary": "Fix any of the following:
    +   Element has insufficient color contrast of 4.49 (foreground color: #77766d, background color: #fdfdfd, font size: 9.4pt (12.48px), font weight: normal). Expected contrast ratio of 4.5:1",
    +         "html": "<span data-metric=\"approved-wip\" class=\"svelte-102c35v\">Approved unbilled WIP: <strong class=\"svelte-102c35v\">$13,150.00</strong></span>",
    +         "impact": "serious",
    +         "none": Array [],
    +         "target": Array [
    +           "span[data-metric=\"approved-wip\"]",
    +         ],
    +       },
    +       Object {
    +         "all": Array [],
    +         "any": Array [
    +           Object {
    +             "data": Object {
    +               "bgColor": "#fdfdfd",
    +               "contrastRatio": 4.49,
    +               "expectedContrastRatio": "4.5:1",
    +               "fgColor": "#77766d",
    +               "fontSize": "9.4pt (12.48px)",
    +               "fontWeight": "normal",
    +               "messageKey": null,
    +             },
    +             "id": "color-contrast",
    +             "impact": "serious",
    +             "message": "Element has insufficient color contrast of 4.49 (foreground color: #77766d, background color: #fdfdfd, font size: 9.4pt (12.48px), font weight: normal). Expected contrast ratio of 4.5:1",
    +             "relatedNodes": Array [
    +               Object {
    +                 "html": "<div class=\"finance-overview__cash svelte-102c35v\" aria-label=\"Cash and liquidity\">",
    +                 "target": Array [
    +                   ".finance-overview__cash",
    +                 ],
    +               },
    +             ],
    +           },
    +         ],
    +         "failureSummary": "Fix any of the following:
    +   Element has insufficient color contrast of 4.49 (foreground color: #77766d, background color: #fdfdfd, font size: 9.4pt (12.48px), font weight: normal). Expected contrast ratio of 4.5:1",
    +         "html": "<span data-metric=\"revenue-candidate\" class=\"svelte-102c35v\">Revenue candidate: <strong class=\"svelte-102c35v\">$18,400.00</strong></span>",
    +         "impact": "serious",
    +         "none": Array [],
    +         "target": Array [
    +           "span[data-metric=\"revenue-candidate\"]",
    +         ],
    +       },
    +     ],
    +     "tags": Array [
    +       "cat.color",
    +       "wcag2aa",
    +       "wcag143",
    +       "TTv5",
    +       "TT13.c",
    +       "EN-301-549",
    +       "EN-9.1.4.3",
    +       "ACT",
    +       "RGAAv4",
    +       "RGAA-3.2.1",
    +     ],
    +   },
    + ]

      138 |     .withTags(['wcag2a', 'wcag2aa', 'wcag21aa'])
      139 |     .analyze();
    > 140 |   expect(result.violations, `${context}: ${JSON.stringify(result.violations, null, 2)}`).toEqual(
          |                                                                                          ^
      141 |     [],
      142 |   );
      143 | }
        at expectNoAxeViolations (/home/kripta/ja-automation-platform-vps-hotfix/tests/e2e/ui-multirole-accessibility-matrix.spec.ts:140:90)
        at expectRoleNavigation (/home/kripta/ja-automation-platform-vps-hotfix/tests/e2e/ui-multirole-accessibility-matrix.spec.ts:312:5)
        at /home/kripta/ja-automation-platform-vps-hotfix/tests/e2e/ui-multirole-accessibility-matrix.spec.ts:443:5

    Error Context: test-results/ui-multirole-accessibility-eae50-ponsive-and-keyboard-matrix-tablet-768/error-context.md

    attachment #2: trace (application/zip) ─────────────────────────────────────────────────────────
    test-results/ui-multirole-accessibility-eae50-ponsive-and-keyboard-matrix-tablet-768/trace.zip
    Usage:

        pnpm exec playwright show-trace test-results/ui-multirole-accessibility-eae50-ponsive-and-keyboard-matrix-tablet-768/trace.zip

    ────────────────────────────────────────────────────────────────────────────────────────────────

  14) [desktop] › tests/e2e/ui-multirole-accessibility-matrix.spec.ts:429:3 › worker Client Essential surfaces pass axe, responsive and keyboard matrix 

    Error: worker desktop /expenses: [
      {
        "id": "color-contrast",
        "impact": "serious",
        "tags": [
          "cat.color",
          "wcag2aa",
          "wcag143",
          "TTv5",
          "TT13.c",
          "EN-301-549",
          "EN-9.1.4.3",
          "ACT",
          "RGAAv4",
          "RGAA-3.2.1"
        ],
        "description": "Ensure the contrast between foreground and background colors meets WCAG 2 AA minimum contrast ratio thresholds",
        "help": "Elements must meet minimum color contrast ratio thresholds",
        "helpUrl": "https://dequeuniversity.com/rules/axe/4.13/color-contrast?application=playwright",
        "nodes": [
          {
            "any": [
              {
                "id": "color-contrast",
                "data": {
                  "fgColor": "#77766d",
                  "bgColor": "#fbfbfa",
                  "contrastRatio": 4.41,
                  "fontSize": "10.3pt (13.76px)",
                  "fontWeight": "normal",
                  "messageKey": null,
                  "expectedContrastRatio": "4.5:1"
                },
                "relatedNodes": [
                  {
                    "html": "<section class=\"expense-export-panel svelte-90hvho\" aria-labelledby=\"expense-filtered-export-title\">",
                    "target": [
                      "section[aria-labelledby=\"expense-filtered-export-title\"]"
                    ]
                  }
                ],
                "impact": "serious",
                "message": "Element has insufficient color contrast of 4.41 (foreground color: #77766d, background color: #fbfbfa, font size: 10.3pt (13.76px), font weight: normal). Expected contrast ratio of 4.5:1"
              }
            ],
            "all": [],
            "none": [],
            "impact": "serious",
            "html": "<p class=\"svelte-90hvho\">Download exactly the expenses currently selected by the register filters.</p>",
            "target": [
              "section[aria-labelledby=\"expense-filtered-export-title\"] > div:nth-child(1) > p"
            ],
            "failureSummary": "Fix any of the following:\n  Element has insufficient color contrast of 4.41 (foreground color: #77766d, background color: #fbfbfa, font size: 10.3pt (13.76px), font weight: normal). Expected contrast ratio of 4.5:1"
          },
          {
            "any": [
              {
                "id": "color-contrast",
                "data": {
                  "fgColor": "#77766d",
                  "bgColor": "#fbfbfa",
                  "contrastRatio": 4.41,
                  "fontSize": "10.3pt (13.76px)",
                  "fontWeight": "normal",
                  "messageKey": null,
                  "expectedContrastRatio": "4.5:1"
                },
                "relatedNodes": [
                  {
                    "html": "<section class=\"expense-export-panel svelte-90hvho\" aria-labelledby=\"expense-export-title\">",
                    "target": [
                      "section[aria-labelledby=\"expense-export-title\"]"
                    ]
                  }
                ],
                "impact": "serious",
                "message": "Element has insufficient color contrast of 4.41 (foreground color: #77766d, background color: #fbfbfa, font size: 10.3pt (13.76px), font weight: normal). Expected contrast ratio of 4.5:1"
              }
            ],
            "all": [],
            "none": [],
            "impact": "serious",
            "html": "<p class=\"svelte-90hvho\">Choose a separate period and scope without changing the register above.</p>",
            "target": [
              "section[aria-labelledby=\"expense-export-title\"] > div:nth-child(1) > p"
            ],
            "failureSummary": "Fix any of the following:\n  Element has insufficient color contrast of 4.41 (foreground color: #77766d, background color: #fbfbfa, font size: 10.3pt (13.76px), font weight: normal). Expected contrast ratio of 4.5:1"
          }
        ]
      }
    ]

    expect(received).toEqual(expected) // deep equality

    - Expected  -  1
    + Received  + 93

    - Array []
    + Array [
    +   Object {
    +     "description": "Ensure the contrast between foreground and background colors meets WCAG 2 AA minimum contrast ratio thresholds",
    +     "help": "Elements must meet minimum color contrast ratio thresholds",
    +     "helpUrl": "https://dequeuniversity.com/rules/axe/4.13/color-contrast?application=playwright",
    +     "id": "color-contrast",
    +     "impact": "serious",
    +     "nodes": Array [
    +       Object {
    +         "all": Array [],
    +         "any": Array [
    +           Object {
    +             "data": Object {
    +               "bgColor": "#fbfbfa",
    +               "contrastRatio": 4.41,
    +               "expectedContrastRatio": "4.5:1",
    +               "fgColor": "#77766d",
    +               "fontSize": "10.3pt (13.76px)",
    +               "fontWeight": "normal",
    +               "messageKey": null,
    +             },
    +             "id": "color-contrast",
    +             "impact": "serious",
    +             "message": "Element has insufficient color contrast of 4.41 (foreground color: #77766d, background color: #fbfbfa, font size: 10.3pt (13.76px), font weight: normal). Expected contrast ratio of 4.5:1",
    +             "relatedNodes": Array [
    +               Object {
    +                 "html": "<section class=\"expense-export-panel svelte-90hvho\" aria-labelledby=\"expense-filtered-export-title\">",
    +                 "target": Array [
    +                   "section[aria-labelledby=\"expense-filtered-export-title\"]",
    +                 ],
    +               },
    +             ],
    +           },
    +         ],
    +         "failureSummary": "Fix any of the following:
    +   Element has insufficient color contrast of 4.41 (foreground color: #77766d, background color: #fbfbfa, font size: 10.3pt (13.76px), font weight: normal). Expected contrast ratio of 4.5:1",
    +         "html": "<p class=\"svelte-90hvho\">Download exactly the expenses currently selected by the register filters.</p>",
    +         "impact": "serious",
    +         "none": Array [],
    +         "target": Array [
    +           "section[aria-labelledby=\"expense-filtered-export-title\"] > div:nth-child(1) > p",
    +         ],
    +       },
    +       Object {
    +         "all": Array [],
    +         "any": Array [
    +           Object {
    +             "data": Object {
    +               "bgColor": "#fbfbfa",
    +               "contrastRatio": 4.41,
    +               "expectedContrastRatio": "4.5:1",
    +               "fgColor": "#77766d",
    +               "fontSize": "10.3pt (13.76px)",
    +               "fontWeight": "normal",
    +               "messageKey": null,
    +             },
    +             "id": "color-contrast",
    +             "impact": "serious",
    +             "message": "Element has insufficient color contrast of 4.41 (foreground color: #77766d, background color: #fbfbfa, font size: 10.3pt (13.76px), font weight: normal). Expected contrast ratio of 4.5:1",
    +             "relatedNodes": Array [
    +               Object {
    +                 "html": "<section class=\"expense-export-panel svelte-90hvho\" aria-labelledby=\"expense-export-title\">",
    +                 "target": Array [
    +                   "section[aria-labelledby=\"expense-export-title\"]",
    +                 ],
    +               },
    +             ],
    +           },
    +         ],
    +         "failureSummary": "Fix any of the following:
    +   Element has insufficient color contrast of 4.41 (foreground color: #77766d, background color: #fbfbfa, font size: 10.3pt (13.76px), font weight: normal). Expected contrast ratio of 4.5:1",
    +         "html": "<p class=\"svelte-90hvho\">Choose a separate period and scope without changing the register above.</p>",
    +         "impact": "serious",
    +         "none": Array [],
    +         "target": Array [
    +           "section[aria-labelledby=\"expense-export-title\"] > div:nth-child(1) > p",
    +         ],
    +       },
    +     ],
    +     "tags": Array [
    +       "cat.color",
    +       "wcag2aa",
    +       "wcag143",
    +       "TTv5",
    +       "TT13.c",
    +       "EN-301-549",
    +       "EN-9.1.4.3",
    +       "ACT",
    +       "RGAAv4",
    +       "RGAA-3.2.1",
    +     ],
    +   },
    + ]

      138 |     .withTags(['wcag2a', 'wcag2aa', 'wcag21aa'])
      139 |     .analyze();
    > 140 |   expect(result.violations, `${context}: ${JSON.stringify(result.violations, null, 2)}`).toEqual(
          |                                                                                          ^
      141 |     [],
      142 |   );
      143 | }
        at expectNoAxeViolations (/home/kripta/ja-automation-platform-vps-hotfix/tests/e2e/ui-multirole-accessibility-matrix.spec.ts:140:90)
        at /home/kripta/ja-automation-platform-vps-hotfix/tests/e2e/ui-multirole-accessibility-matrix.spec.ts:452:7

    Error Context: test-results/ui-multirole-accessibility-2785a-ponsive-and-keyboard-matrix-desktop/error-context.md

    attachment #2: trace (application/zip) ─────────────────────────────────────────────────────────
    test-results/ui-multirole-accessibility-2785a-ponsive-and-keyboard-matrix-desktop/trace.zip
    Usage:

        pnpm exec playwright show-trace test-results/ui-multirole-accessibility-2785a-ponsive-and-keyboard-matrix-desktop/trace.zip

    ────────────────────────────────────────────────────────────────────────────────────────────────

  15) [desktop] › tests/e2e/ui-multirole-accessibility-matrix.spec.ts:429:3 › manager Client Essential surfaces pass axe, responsive and keyboard matrix 

    Error: manager desktop /projects: [
      {
        "id": "color-contrast",
        "impact": "serious",
        "tags": [
          "cat.color",
          "wcag2aa",
          "wcag143",
          "TTv5",
          "TT13.c",
          "EN-301-549",
          "EN-9.1.4.3",
          "ACT",
          "RGAAv4",
          "RGAA-3.2.1"
        ],
        "description": "Ensure the contrast between foreground and background colors meets WCAG 2 AA minimum contrast ratio thresholds",
        "help": "Elements must meet minimum color contrast ratio thresholds",
        "helpUrl": "https://dequeuniversity.com/rules/axe/4.13/color-contrast?application=playwright",
        "nodes": [
          {
            "any": [
              {
                "id": "color-contrast",
                "data": {
                  "fgColor": "#77766d",
                  "bgColor": "#fdfdfb",
                  "contrastRatio": 4.48,
                  "fontSize": "8.6pt (11.52px)",
                  "fontWeight": "bold",
                  "messageKey": null,
                  "expectedContrastRatio": "4.5:1"
                },
                "relatedNodes": [
                  {
                    "html": "<main id=\"portal-main\">",
                    "target": [
                      "#portal-main"
                    ]
                  }
                ],
                "impact": "serious",
                "message": "Element has insufficient color contrast of 4.48 (foreground color: #77766d, background color: #fdfdfb, font size: 8.6pt (11.52px), font weight: bold). Expected contrast ratio of 4.5:1"
              }
            ],
            "all": [],
            "none": [],
            "impact": "serious",
            "html": "<p class=\"project-section__eyebrow svelte-ay41tb\">Project workspace</p>",
            "target": [
              ".project-section__eyebrow"
            ],
            "failureSummary": "Fix any of the following:\n  Element has insufficient color contrast of 4.48 (foreground color: #77766d, background color: #fdfdfb, font size: 8.6pt (11.52px), font weight: bold). Expected contrast ratio of 4.5:1"
          },
          {
            "any": [
              {
                "id": "color-contrast",
                "data": {
                  "fgColor": "#77766d",
                  "bgColor": "#fdfdfb",
                  "contrastRatio": 4.48,
                  "fontSize": "12.0pt (16px)",
                  "fontWeight": "normal",
                  "messageKey": null,
                  "expectedContrastRatio": "4.5:1"
                },
                "relatedNodes": [
                  {
                    "html": "<main id=\"portal-main\">",
                    "target": [
                      "#portal-main"
                    ]
                  }
                ],
                "impact": "serious",
                "message": "Element has insufficient color contrast of 4.48 (foreground color: #77766d, background color: #fdfdfb, font size: 12.0pt (16px), font weight: normal). Expected contrast ratio of 4.5:1"
              }
            ],
            "all": [],
            "none": [],
            "impact": "serious",
            "html": "<p class=\"svelte-ay41tb\">Review project identity, status, schedule and operational scope.</p>",
            "target": [
              "div > p:nth-child(3)"
            ],
            "failureSummary": "Fix any of the following:\n  Element has insufficient color contrast of 4.48 (foreground color: #77766d, background color: #fdfdfb, font size: 12.0pt (16px), font weight: normal). Expected contrast ratio of 4.5:1"
          }
        ]
      }
    ]

    expect(received).toEqual(expected) // deep equality

    - Expected  -  1
    + Received  + 93

    - Array []
    + Array [
    +   Object {
    +     "description": "Ensure the contrast between foreground and background colors meets WCAG 2 AA minimum contrast ratio thresholds",
    +     "help": "Elements must meet minimum color contrast ratio thresholds",
    +     "helpUrl": "https://dequeuniversity.com/rules/axe/4.13/color-contrast?application=playwright",
    +     "id": "color-contrast",
    +     "impact": "serious",
    +     "nodes": Array [
    +       Object {
    +         "all": Array [],
    +         "any": Array [
    +           Object {
    +             "data": Object {
    +               "bgColor": "#fdfdfb",
    +               "contrastRatio": 4.48,
    +               "expectedContrastRatio": "4.5:1",
    +               "fgColor": "#77766d",
    +               "fontSize": "8.6pt (11.52px)",
    +               "fontWeight": "bold",
    +               "messageKey": null,
    +             },
    +             "id": "color-contrast",
    +             "impact": "serious",
    +             "message": "Element has insufficient color contrast of 4.48 (foreground color: #77766d, background color: #fdfdfb, font size: 8.6pt (11.52px), font weight: bold). Expected contrast ratio of 4.5:1",
    +             "relatedNodes": Array [
    +               Object {
    +                 "html": "<main id=\"portal-main\">",
    +                 "target": Array [
    +                   "#portal-main",
    +                 ],
    +               },
    +             ],
    +           },
    +         ],
    +         "failureSummary": "Fix any of the following:
    +   Element has insufficient color contrast of 4.48 (foreground color: #77766d, background color: #fdfdfb, font size: 8.6pt (11.52px), font weight: bold). Expected contrast ratio of 4.5:1",
    +         "html": "<p class=\"project-section__eyebrow svelte-ay41tb\">Project workspace</p>",
    +         "impact": "serious",
    +         "none": Array [],
    +         "target": Array [
    +           ".project-section__eyebrow",
    +         ],
    +       },
    +       Object {
    +         "all": Array [],
    +         "any": Array [
    +           Object {
    +             "data": Object {
    +               "bgColor": "#fdfdfb",
    +               "contrastRatio": 4.48,
    +               "expectedContrastRatio": "4.5:1",
    +               "fgColor": "#77766d",
    +               "fontSize": "12.0pt (16px)",
    +               "fontWeight": "normal",
    +               "messageKey": null,
    +             },
    +             "id": "color-contrast",
    +             "impact": "serious",
    +             "message": "Element has insufficient color contrast of 4.48 (foreground color: #77766d, background color: #fdfdfb, font size: 12.0pt (16px), font weight: normal). Expected contrast ratio of 4.5:1",
    +             "relatedNodes": Array [
    +               Object {
    +                 "html": "<main id=\"portal-main\">",
    +                 "target": Array [
    +                   "#portal-main",
    +                 ],
    +               },
    +             ],
    +           },
    +         ],
    +         "failureSummary": "Fix any of the following:
    +   Element has insufficient color contrast of 4.48 (foreground color: #77766d, background color: #fdfdfb, font size: 12.0pt (16px), font weight: normal). Expected contrast ratio of 4.5:1",
    +         "html": "<p class=\"svelte-ay41tb\">Review project identity, status, schedule and operational scope.</p>",
    +         "impact": "serious",
    +         "none": Array [],
    +         "target": Array [
    +           "div > p:nth-child(3)",
    +         ],
    +       },
    +     ],
    +     "tags": Array [
    +       "cat.color",
    +       "wcag2aa",
    +       "wcag143",
    +       "TTv5",
    +       "TT13.c",
    +       "EN-301-549",
    +       "EN-9.1.4.3",
    +       "ACT",
    +       "RGAAv4",
    +       "RGAA-3.2.1",
    +     ],
    +   },
    + ]

      138 |     .withTags(['wcag2a', 'wcag2aa', 'wcag21aa'])
      139 |     .analyze();
    > 140 |   expect(result.violations, `${context}: ${JSON.stringify(result.violations, null, 2)}`).toEqual(
          |                                                                                          ^
      141 |     [],
      142 |   );
      143 | }
        at expectNoAxeViolations (/home/kripta/ja-automation-platform-vps-hotfix/tests/e2e/ui-multirole-accessibility-matrix.spec.ts:140:90)
        at /home/kripta/ja-automation-platform-vps-hotfix/tests/e2e/ui-multirole-accessibility-matrix.spec.ts:452:7

    Error Context: test-results/ui-multirole-accessibility-50776-ponsive-and-keyboard-matrix-desktop/error-context.md

    attachment #2: trace (application/zip) ─────────────────────────────────────────────────────────
    test-results/ui-multirole-accessibility-50776-ponsive-and-keyboard-matrix-desktop/trace.zip
    Usage:

        pnpm exec playwright show-trace test-results/ui-multirole-accessibility-50776-ponsive-and-keyboard-matrix-desktop/trace.zip

    ────────────────────────────────────────────────────────────────────────────────────────────────

  16) [desktop] › tests/e2e/ui-multirole-accessibility-matrix.spec.ts:429:3 › finance Client Essential surfaces pass axe, responsive and keyboard matrix 

    Error: finance desktop /finance?view=overview: [
      {
        "id": "color-contrast",
        "impact": "serious",
        "tags": [
          "cat.color",
          "wcag2aa",
          "wcag143",
          "TTv5",
          "TT13.c",
          "EN-301-549",
          "EN-9.1.4.3",
          "ACT",
          "RGAAv4",
          "RGAA-3.2.1"
        ],
        "description": "Ensure the contrast between foreground and background colors meets WCAG 2 AA minimum contrast ratio thresholds",
        "help": "Elements must meet minimum color contrast ratio thresholds",
        "helpUrl": "https://dequeuniversity.com/rules/axe/4.13/color-contrast?application=playwright",
        "nodes": [
          {
            "any": [
              {
                "id": "color-contrast",
                "data": {
                  "fgColor": "#77766d",
                  "bgColor": "#fdfdfb",
                  "contrastRatio": 4.48,
                  "fontSize": "12.0pt (16px)",
                  "fontWeight": "normal",
                  "messageKey": null,
                  "expectedContrastRatio": "4.5:1"
                },
                "relatedNodes": [
                  {
                    "html": "<main id=\"portal-main\">",
                    "target": [
                      "#portal-main"
                    ]
                  }
                ],
                "impact": "serious",
                "message": "Element has insufficient color contrast of 4.48 (foreground color: #77766d, background color: #fdfdfb, font size: 12.0pt (16px), font weight: normal). Expected contrast ratio of 4.5:1"
              }
            ],
            "all": [],
            "none": [],
            "impact": "serious",
            "html": "<p class=\"svelte-102c35v\"><!--[-1-->Review project finances, work records, upcoming obligations and reimbursements.<!--]--></p>",
            "target": [
              "p:nth-child(3)"
            ],
            "failureSummary": "Fix any of the following:\n  Element has insufficient color contrast of 4.48 (foreground color: #77766d, background color: #fdfdfb, font size: 12.0pt (16px), font weight: normal). Expected contrast ratio of 4.5:1"
          },
          {
            "any": [
              {
                "id": "color-contrast",
                "data": {
                  "fgColor": "#77766d",
                  "bgColor": "#fdfdfd",
                  "contrastRatio": 4.49,
                  "fontSize": "9.4pt (12.48px)",
                  "fontWeight": "normal",
                  "messageKey": null,
                  "expectedContrastRatio": "4.5:1"
                },
                "relatedNodes": [
                  {
                    "html": "<div class=\"finance-overview__cash svelte-102c35v\" aria-label=\"Cash and liquidity\">",
                    "target": [
                      ".finance-overview__cash"
                    ]
                  }
                ],
                "impact": "serious",
                "message": "Element has insufficient color contrast of 4.49 (foreground color: #77766d, background color: #fdfdfd, font size: 9.4pt (12.48px), font weight: normal). Expected contrast ratio of 4.5:1"
              }
            ],
            "all": [],
            "none": [],
            "impact": "serious",
            "html": "<a class=\"finance-overview__cash-link svelte-102c35v\" href=\"/j-aautomation/app/ledger?project=01a0c5e3-0505-7578-97ed-4c3805c8a913&amp;status=collected\" data-metric=\"collected\">Collected (actual): <strong class=\"svelte-102c35v\">$0.00</strong></a>",
            "target": [
              "a[data-metric=\"collected\"]"
            ],
            "failureSummary": "Fix any of the following:\n  Element has insufficient color contrast of 4.49 (foreground color: #77766d, background color: #fdfdfd, font size: 9.4pt (12.48px), font weight: normal). Expected contrast ratio of 4.5:1"
          },
          {
            "any": [
              {
                "id": "color-contrast",
                "data": {
                  "fgColor": "#77766d",
                  "bgColor": "#fdfdfd",
                  "contrastRatio": 4.49,
                  "fontSize": "9.4pt (12.48px)",
                  "fontWeight": "normal",
                  "messageKey": null,
                  "expectedContrastRatio": "4.5:1"
                },
                "relatedNodes": [
                  {
                    "html": "<div class=\"finance-overview__cash svelte-102c35v\" aria-label=\"Cash and liquidity\">",
                    "target": [
                      ".finance-overview__cash"
                    ]
                  }
                ],
                "impact": "serious",
                "message": "Element has insufficient color contrast of 4.49 (foreground color: #77766d, background color: #fdfdfd, font size: 9.4pt (12.48px), font weight: normal). Expected contrast ratio of 4.5:1"
              }
            ],
            "all": [],
            "none": [],
            "impact": "serious",
            "html": "<a class=\"finance-overview__cash-link svelte-102c35v\" href=\"/j-aautomation/app/ledger?project=01a0c5e3-0505-7578-97ed-4c3805c8a913&amp;status=outstanding\" data-metric=\"outstanding\">Outstanding (actual): <strong class=\"svelte-102c35v\">$0.00</strong></a>",
            "target": [
              "a[data-metric=\"outstanding\"]"
            ],
            "failureSummary": "Fix any of the following:\n  Element has insufficient color contrast of 4.49 (foreground color: #77766d, background color: #fdfdfd, font size: 9.4pt (12.48px), font weight: normal). Expected contrast ratio of 4.5:1"
          },
          {
            "any": [
              {
                "id": "color-contrast",
                "data": {
                  "fgColor": "#77766d",
                  "bgColor": "#fdfdfd",
                  "contrastRatio": 4.49,
                  "fontSize": "9.4pt (12.48px)",
                  "fontWeight": "normal",
                  "messageKey": null,
                  "expectedContrastRatio": "4.5:1"
                },
                "relatedNodes": [
                  {
                    "html": "<div class=\"finance-overview__cash svelte-102c35v\" aria-label=\"Cash and liquidity\">",
                    "target": [
                      ".finance-overview__cash"
                    ]
                  }
                ],
                "impact": "serious",
                "message": "Element has insufficient color contrast of 4.49 (foreground color: #77766d, background color: #fdfdfd, font size: 9.4pt (12.48px), font weight: normal). Expected contrast ratio of 4.5:1"
              }
            ],
            "all": [],
            "none": [],
            "impact": "serious",
            "html": "<span data-metric=\"approved-wip\" class=\"svelte-102c35v\">Approved unbilled WIP: <strong class=\"svelte-102c35v\">$13,150.00</strong></span>",
            "target": [
              "span[data-metric=\"approved-wip\"]"
            ],
            "failureSummary": "Fix any of the following:\n  Element has insufficient color contrast of 4.49 (foreground color: #77766d, background color: #fdfdfd, font size: 9.4pt (12.48px), font weight: normal). Expected contrast ratio of 4.5:1"
          },
          {
            "any": [
              {
                "id": "color-contrast",
                "data": {
                  "fgColor": "#77766d",
                  "bgColor": "#fdfdfd",
                  "contrastRatio": 4.49,
                  "fontSize": "9.4pt (12.48px)",
                  "fontWeight": "normal",
                  "messageKey": null,
                  "expectedContrastRatio": "4.5:1"
                },
                "relatedNodes": [
                  {
                    "html": "<div class=\"finance-overview__cash svelte-102c35v\" aria-label=\"Cash and liquidity\">",
                    "target": [
                      ".finance-overview__cash"
                    ]
                  }
                ],
                "impact": "serious",
                "message": "Element has insufficient color contrast of 4.49 (foreground color: #77766d, background color: #fdfdfd, font size: 9.4pt (12.48px), font weight: normal). Expected contrast ratio of 4.5:1"
              }
            ],
            "all": [],
            "none": [],
            "impact": "serious",
            "html": "<span data-metric=\"revenue-candidate\" class=\"svelte-102c35v\">Revenue candidate: <strong class=\"svelte-102c35v\">$18,400.00</strong></span>",
            "target": [
              "span[data-metric=\"revenue-candidate\"]"
            ],
            "failureSummary": "Fix any of the following:\n  Element has insufficient color contrast of 4.49 (foreground color: #77766d, background color: #fdfdfd, font size: 9.4pt (12.48px), font weight: normal). Expected contrast ratio of 4.5:1"
          }
        ]
      }
    ]

    expect(received).toEqual(expected) // deep equality

    - Expected  -   1
    + Received  + 198

    - Array []
    + Array [
    +   Object {
    +     "description": "Ensure the contrast between foreground and background colors meets WCAG 2 AA minimum contrast ratio thresholds",
    +     "help": "Elements must meet minimum color contrast ratio thresholds",
    +     "helpUrl": "https://dequeuniversity.com/rules/axe/4.13/color-contrast?application=playwright",
    +     "id": "color-contrast",
    +     "impact": "serious",
    +     "nodes": Array [
    +       Object {
    +         "all": Array [],
    +         "any": Array [
    +           Object {
    +             "data": Object {
    +               "bgColor": "#fdfdfb",
    +               "contrastRatio": 4.48,
    +               "expectedContrastRatio": "4.5:1",
    +               "fgColor": "#77766d",
    +               "fontSize": "12.0pt (16px)",
    +               "fontWeight": "normal",
    +               "messageKey": null,
    +             },
    +             "id": "color-contrast",
    +             "impact": "serious",
    +             "message": "Element has insufficient color contrast of 4.48 (foreground color: #77766d, background color: #fdfdfb, font size: 12.0pt (16px), font weight: normal). Expected contrast ratio of 4.5:1",
    +             "relatedNodes": Array [
    +               Object {
    +                 "html": "<main id=\"portal-main\">",
    +                 "target": Array [
    +                   "#portal-main",
    +                 ],
    +               },
    +             ],
    +           },
    +         ],
    +         "failureSummary": "Fix any of the following:
    +   Element has insufficient color contrast of 4.48 (foreground color: #77766d, background color: #fdfdfb, font size: 12.0pt (16px), font weight: normal). Expected contrast ratio of 4.5:1",
    +         "html": "<p class=\"svelte-102c35v\"><!--[-1-->Review project finances, work records, upcoming obligations and reimbursements.<!--]--></p>",
    +         "impact": "serious",
    +         "none": Array [],
    +         "target": Array [
    +           "p:nth-child(3)",
    +         ],
    +       },
    +       Object {
    +         "all": Array [],
    +         "any": Array [
    +           Object {
    +             "data": Object {
    +               "bgColor": "#fdfdfd",
    +               "contrastRatio": 4.49,
    +               "expectedContrastRatio": "4.5:1",
    +               "fgColor": "#77766d",
    +               "fontSize": "9.4pt (12.48px)",
    +               "fontWeight": "normal",
    +               "messageKey": null,
    +             },
    +             "id": "color-contrast",
    +             "impact": "serious",
    +             "message": "Element has insufficient color contrast of 4.49 (foreground color: #77766d, background color: #fdfdfd, font size: 9.4pt (12.48px), font weight: normal). Expected contrast ratio of 4.5:1",
    +             "relatedNodes": Array [
    +               Object {
    +                 "html": "<div class=\"finance-overview__cash svelte-102c35v\" aria-label=\"Cash and liquidity\">",
    +                 "target": Array [
    +                   ".finance-overview__cash",
    +                 ],
    +               },
    +             ],
    +           },
    +         ],
    +         "failureSummary": "Fix any of the following:
    +   Element has insufficient color contrast of 4.49 (foreground color: #77766d, background color: #fdfdfd, font size: 9.4pt (12.48px), font weight: normal). Expected contrast ratio of 4.5:1",
    +         "html": "<a class=\"finance-overview__cash-link svelte-102c35v\" href=\"/j-aautomation/app/ledger?project=01a0c5e3-0505-7578-97ed-4c3805c8a913&amp;status=collected\" data-metric=\"collected\">Collected (actual): <strong class=\"svelte-102c35v\">$0.00</strong></a>",
    +         "impact": "serious",
    +         "none": Array [],
    +         "target": Array [
    +           "a[data-metric=\"collected\"]",
    +         ],
    +       },
    +       Object {
    +         "all": Array [],
    +         "any": Array [
    +           Object {
    +             "data": Object {
    +               "bgColor": "#fdfdfd",
    +               "contrastRatio": 4.49,
    +               "expectedContrastRatio": "4.5:1",
    +               "fgColor": "#77766d",
    +               "fontSize": "9.4pt (12.48px)",
    +               "fontWeight": "normal",
    +               "messageKey": null,
    +             },
    +             "id": "color-contrast",
    +             "impact": "serious",
    +             "message": "Element has insufficient color contrast of 4.49 (foreground color: #77766d, background color: #fdfdfd, font size: 9.4pt (12.48px), font weight: normal). Expected contrast ratio of 4.5:1",
    +             "relatedNodes": Array [
    +               Object {
    +                 "html": "<div class=\"finance-overview__cash svelte-102c35v\" aria-label=\"Cash and liquidity\">",
    +                 "target": Array [
    +                   ".finance-overview__cash",
    +                 ],
    +               },
    +             ],
    +           },
    +         ],
    +         "failureSummary": "Fix any of the following:
    +   Element has insufficient color contrast of 4.49 (foreground color: #77766d, background color: #fdfdfd, font size: 9.4pt (12.48px), font weight: normal). Expected contrast ratio of 4.5:1",
    +         "html": "<a class=\"finance-overview__cash-link svelte-102c35v\" href=\"/j-aautomation/app/ledger?project=01a0c5e3-0505-7578-97ed-4c3805c8a913&amp;status=outstanding\" data-metric=\"outstanding\">Outstanding (actual): <strong class=\"svelte-102c35v\">$0.00</strong></a>",
    +         "impact": "serious",
    +         "none": Array [],
    +         "target": Array [
    +           "a[data-metric=\"outstanding\"]",
    +         ],
    +       },
    +       Object {
    +         "all": Array [],
    +         "any": Array [
    +           Object {
    +             "data": Object {
    +               "bgColor": "#fdfdfd",
    +               "contrastRatio": 4.49,
    +               "expectedContrastRatio": "4.5:1",
    +               "fgColor": "#77766d",
    +               "fontSize": "9.4pt (12.48px)",
    +               "fontWeight": "normal",
    +               "messageKey": null,
    +             },
    +             "id": "color-contrast",
    +             "impact": "serious",
    +             "message": "Element has insufficient color contrast of 4.49 (foreground color: #77766d, background color: #fdfdfd, font size: 9.4pt (12.48px), font weight: normal). Expected contrast ratio of 4.5:1",
    +             "relatedNodes": Array [
    +               Object {
    +                 "html": "<div class=\"finance-overview__cash svelte-102c35v\" aria-label=\"Cash and liquidity\">",
    +                 "target": Array [
    +                   ".finance-overview__cash",
    +                 ],
    +               },
    +             ],
    +           },
    +         ],
    +         "failureSummary": "Fix any of the following:
    +   Element has insufficient color contrast of 4.49 (foreground color: #77766d, background color: #fdfdfd, font size: 9.4pt (12.48px), font weight: normal). Expected contrast ratio of 4.5:1",
    +         "html": "<span data-metric=\"approved-wip\" class=\"svelte-102c35v\">Approved unbilled WIP: <strong class=\"svelte-102c35v\">$13,150.00</strong></span>",
    +         "impact": "serious",
    +         "none": Array [],
    +         "target": Array [
    +           "span[data-metric=\"approved-wip\"]",
    +         ],
    +       },
    +       Object {
    +         "all": Array [],
    +         "any": Array [
    +           Object {
    +             "data": Object {
    +               "bgColor": "#fdfdfd",
    +               "contrastRatio": 4.49,
    +               "expectedContrastRatio": "4.5:1",
    +               "fgColor": "#77766d",
    +               "fontSize": "9.4pt (12.48px)",
    +               "fontWeight": "normal",
    +               "messageKey": null,
    +             },
    +             "id": "color-contrast",
    +             "impact": "serious",
    +             "message": "Element has insufficient color contrast of 4.49 (foreground color: #77766d, background color: #fdfdfd, font size: 9.4pt (12.48px), font weight: normal). Expected contrast ratio of 4.5:1",
    +             "relatedNodes": Array [
    +               Object {
    +                 "html": "<div class=\"finance-overview__cash svelte-102c35v\" aria-label=\"Cash and liquidity\">",
    +                 "target": Array [
    +                   ".finance-overview__cash",
    +                 ],
    +               },
    +             ],
    +           },
    +         ],
    +         "failureSummary": "Fix any of the following:
    +   Element has insufficient color contrast of 4.49 (foreground color: #77766d, background color: #fdfdfd, font size: 9.4pt (12.48px), font weight: normal). Expected contrast ratio of 4.5:1",
    +         "html": "<span data-metric=\"revenue-candidate\" class=\"svelte-102c35v\">Revenue candidate: <strong class=\"svelte-102c35v\">$18,400.00</strong></span>",
    +         "impact": "serious",
    +         "none": Array [],
    +         "target": Array [
    +           "span[data-metric=\"revenue-candidate\"]",
    +         ],
    +       },
    +     ],
    +     "tags": Array [
    +       "cat.color",
    +       "wcag2aa",
    +       "wcag143",
    +       "TTv5",
    +       "TT13.c",
    +       "EN-301-549",
    +       "EN-9.1.4.3",
    +       "ACT",
    +       "RGAAv4",
    +       "RGAA-3.2.1",
    +     ],
    +   },
    + ]

      138 |     .withTags(['wcag2a', 'wcag2aa', 'wcag21aa'])
      139 |     .analyze();
    > 140 |   expect(result.violations, `${context}: ${JSON.stringify(result.violations, null, 2)}`).toEqual(
          |                                                                                          ^
      141 |     [],
      142 |   );
      143 | }
        at expectNoAxeViolations (/home/kripta/ja-automation-platform-vps-hotfix/tests/e2e/ui-multirole-accessibility-matrix.spec.ts:140:90)
        at /home/kripta/ja-automation-platform-vps-hotfix/tests/e2e/ui-multirole-accessibility-matrix.spec.ts:452:7

    Error Context: test-results/ui-multirole-accessibility-59858-ponsive-and-keyboard-matrix-desktop/error-context.md

    attachment #2: trace (application/zip) ─────────────────────────────────────────────────────────
    test-results/ui-multirole-accessibility-59858-ponsive-and-keyboard-matrix-desktop/trace.zip
    Usage:

        pnpm exec playwright show-trace test-results/ui-multirole-accessibility-59858-ponsive-and-keyboard-matrix-desktop/trace.zip

    ────────────────────────────────────────────────────────────────────────────────────────────────

  17) [desktop] › tests/e2e/ui-multirole-accessibility-matrix.spec.ts:429:3 › owner Client Essential surfaces pass axe, responsive and keyboard matrix 

    Error: owner desktop /projects?view=clients: [
      {
        "id": "color-contrast",
        "impact": "serious",
        "tags": [
          "cat.color",
          "wcag2aa",
          "wcag143",
          "TTv5",
          "TT13.c",
          "EN-301-549",
          "EN-9.1.4.3",
          "ACT",
          "RGAAv4",
          "RGAA-3.2.1"
        ],
        "description": "Ensure the contrast between foreground and background colors meets WCAG 2 AA minimum contrast ratio thresholds",
        "help": "Elements must meet minimum color contrast ratio thresholds",
        "helpUrl": "https://dequeuniversity.com/rules/axe/4.13/color-contrast?application=playwright",
        "nodes": [
          {
            "any": [
              {
                "id": "color-contrast",
                "data": {
                  "fgColor": "#77766d",
                  "bgColor": "#fdfdfb",
                  "contrastRatio": 4.48,
                  "fontSize": "8.6pt (11.52px)",
                  "fontWeight": "bold",
                  "messageKey": null,
                  "expectedContrastRatio": "4.5:1"
                },
                "relatedNodes": [
                  {
                    "html": "<main id=\"portal-main\">",
                    "target": [
                      "#portal-main"
                    ]
                  }
                ],
                "impact": "serious",
                "message": "Element has insufficient color contrast of 4.48 (foreground color: #77766d, background color: #fdfdfb, font size: 8.6pt (11.52px), font weight: bold). Expected contrast ratio of 4.5:1"
              }
            ],
            "all": [],
            "none": [],
            "impact": "serious",
            "html": "<p class=\"client-directory__eyebrow svelte-drbhky\">AUTHORIZED DIRECTORY</p>",
            "target": [
              ".client-directory__eyebrow"
            ],
            "failureSummary": "Fix any of the following:\n  Element has insufficient color contrast of 4.48 (foreground color: #77766d, background color: #fdfdfb, font size: 8.6pt (11.52px), font weight: bold). Expected contrast ratio of 4.5:1"
          },
          {
            "any": [
              {
                "id": "color-contrast",
                "data": {
                  "fgColor": "#77766d",
                  "bgColor": "#fdfdfb",
                  "contrastRatio": 4.48,
                  "fontSize": "12.0pt (16px)",
                  "fontWeight": "normal",
                  "messageKey": null,
                  "expectedContrastRatio": "4.5:1"
                },
                "relatedNodes": [
                  {
                    "html": "<main id=\"portal-main\">",
                    "target": [
                      "#portal-main"
                    ]
                  }
                ],
                "impact": "serious",
                "message": "Element has insufficient color contrast of 4.48 (foreground color: #77766d, background color: #fdfdfb, font size: 12.0pt (16px), font weight: normal). Expected contrast ratio of 4.5:1"
              }
            ],
            "all": [],
            "none": [],
            "impact": "serious",
            "html": "<p class=\"svelte-drbhky\">Authorized client contacts, sites and project context.</p>",
            "target": [
              "div > p:nth-child(3)"
            ],
            "failureSummary": "Fix any of the following:\n  Element has insufficient color contrast of 4.48 (foreground color: #77766d, background color: #fdfdfb, font size: 12.0pt (16px), font weight: normal). Expected contrast ratio of 4.5:1"
          }
        ]
      }
    ]

    expect(received).toEqual(expected) // deep equality

    - Expected  -  1
    + Received  + 93

    - Array []
    + Array [
    +   Object {
    +     "description": "Ensure the contrast between foreground and background colors meets WCAG 2 AA minimum contrast ratio thresholds",
    +     "help": "Elements must meet minimum color contrast ratio thresholds",
    +     "helpUrl": "https://dequeuniversity.com/rules/axe/4.13/color-contrast?application=playwright",
    +     "id": "color-contrast",
    +     "impact": "serious",
    +     "nodes": Array [
    +       Object {
    +         "all": Array [],
    +         "any": Array [
    +           Object {
    +             "data": Object {
    +               "bgColor": "#fdfdfb",
    +               "contrastRatio": 4.48,
    +               "expectedContrastRatio": "4.5:1",
    +               "fgColor": "#77766d",
    +               "fontSize": "8.6pt (11.52px)",
    +               "fontWeight": "bold",
    +               "messageKey": null,
    +             },
    +             "id": "color-contrast",
    +             "impact": "serious",
    +             "message": "Element has insufficient color contrast of 4.48 (foreground color: #77766d, background color: #fdfdfb, font size: 8.6pt (11.52px), font weight: bold). Expected contrast ratio of 4.5:1",
    +             "relatedNodes": Array [
    +               Object {
    +                 "html": "<main id=\"portal-main\">",
    +                 "target": Array [
    +                   "#portal-main",
    +                 ],
    +               },
    +             ],
    +           },
    +         ],
    +         "failureSummary": "Fix any of the following:
    +   Element has insufficient color contrast of 4.48 (foreground color: #77766d, background color: #fdfdfb, font size: 8.6pt (11.52px), font weight: bold). Expected contrast ratio of 4.5:1",
    +         "html": "<p class=\"client-directory__eyebrow svelte-drbhky\">AUTHORIZED DIRECTORY</p>",
    +         "impact": "serious",
    +         "none": Array [],
    +         "target": Array [
    +           ".client-directory__eyebrow",
    +         ],
    +       },
    +       Object {
    +         "all": Array [],
    +         "any": Array [
    +           Object {
    +             "data": Object {
    +               "bgColor": "#fdfdfb",
    +               "contrastRatio": 4.48,
    +               "expectedContrastRatio": "4.5:1",
    +               "fgColor": "#77766d",
    +               "fontSize": "12.0pt (16px)",
    +               "fontWeight": "normal",
    +               "messageKey": null,
    +             },
    +             "id": "color-contrast",
    +             "impact": "serious",
    +             "message": "Element has insufficient color contrast of 4.48 (foreground color: #77766d, background color: #fdfdfb, font size: 12.0pt (16px), font weight: normal). Expected contrast ratio of 4.5:1",
    +             "relatedNodes": Array [
    +               Object {
    +                 "html": "<main id=\"portal-main\">",
    +                 "target": Array [
    +                   "#portal-main",
    +                 ],
    +               },
    +             ],
    +           },
    +         ],
    +         "failureSummary": "Fix any of the following:
    +   Element has insufficient color contrast of 4.48 (foreground color: #77766d, background color: #fdfdfb, font size: 12.0pt (16px), font weight: normal). Expected contrast ratio of 4.5:1",
    +         "html": "<p class=\"svelte-drbhky\">Authorized client contacts, sites and project context.</p>",
    +         "impact": "serious",
    +         "none": Array [],
    +         "target": Array [
    +           "div > p:nth-child(3)",
    +         ],
    +       },
    +     ],
    +     "tags": Array [
    +       "cat.color",
    +       "wcag2aa",
    +       "wcag143",
    +       "TTv5",
    +       "TT13.c",
    +       "EN-301-549",
    +       "EN-9.1.4.3",
    +       "ACT",
    +       "RGAAv4",
    +       "RGAA-3.2.1",
    +     ],
    +   },
    + ]

      138 |     .withTags(['wcag2a', 'wcag2aa', 'wcag21aa'])
      139 |     .analyze();
    > 140 |   expect(result.violations, `${context}: ${JSON.stringify(result.violations, null, 2)}`).toEqual(
          |                                                                                          ^
      141 |     [],
      142 |   );
      143 | }
        at expectNoAxeViolations (/home/kripta/ja-automation-platform-vps-hotfix/tests/e2e/ui-multirole-accessibility-matrix.spec.ts:140:90)
        at /home/kripta/ja-automation-platform-vps-hotfix/tests/e2e/ui-multirole-accessibility-matrix.spec.ts:452:7

    Error Context: test-results/ui-multirole-accessibility-f3610-ponsive-and-keyboard-matrix-desktop/error-context.md

    attachment #2: trace (application/zip) ─────────────────────────────────────────────────────────
    test-results/ui-multirole-accessibility-f3610-ponsive-and-keyboard-matrix-desktop/trace.zip
    Usage:

        pnpm exec playwright show-trace test-results/ui-multirole-accessibility-f3610-ponsive-and-keyboard-matrix-desktop/trace.zip

    ────────────────────────────────────────────────────────────────────────────────────────────────

  18) [desktop] › tests/e2e/ui-multirole-accessibility-matrix.spec.ts:429:3 › auditor Client Essential surfaces pass axe, responsive and keyboard matrix 

    Error: auditor desktop /finance?view=overview: [
      {
        "id": "color-contrast",
        "impact": "serious",
        "tags": [
          "cat.color",
          "wcag2aa",
          "wcag143",
          "TTv5",
          "TT13.c",
          "EN-301-549",
          "EN-9.1.4.3",
          "ACT",
          "RGAAv4",
          "RGAA-3.2.1"
        ],
        "description": "Ensure the contrast between foreground and background colors meets WCAG 2 AA minimum contrast ratio thresholds",
        "help": "Elements must meet minimum color contrast ratio thresholds",
        "helpUrl": "https://dequeuniversity.com/rules/axe/4.13/color-contrast?application=playwright",
        "nodes": [
          {
            "any": [
              {
                "id": "color-contrast",
                "data": {
                  "fgColor": "#77766d",
                  "bgColor": "#fdfdfb",
                  "contrastRatio": 4.48,
                  "fontSize": "12.0pt (16px)",
                  "fontWeight": "normal",
                  "messageKey": null,
                  "expectedContrastRatio": "4.5:1"
                },
                "relatedNodes": [
                  {
                    "html": "<main id=\"portal-main\">",
                    "target": [
                      "#portal-main"
                    ]
                  }
                ],
                "impact": "serious",
                "message": "Element has insufficient color contrast of 4.48 (foreground color: #77766d, background color: #fdfdfb, font size: 12.0pt (16px), font weight: normal). Expected contrast ratio of 4.5:1"
              }
            ],
            "all": [],
            "none": [],
            "impact": "serious",
            "html": "<p class=\"svelte-102c35v\"><!--[-1-->Review project finances, work records, upcoming obligations and reimbursements.<!--]--></p>",
            "target": [
              "p:nth-child(3)"
            ],
            "failureSummary": "Fix any of the following:\n  Element has insufficient color contrast of 4.48 (foreground color: #77766d, background color: #fdfdfb, font size: 12.0pt (16px), font weight: normal). Expected contrast ratio of 4.5:1"
          },
          {
            "any": [
              {
                "id": "color-contrast",
                "data": {
                  "fgColor": "#77766d",
                  "bgColor": "#fdfdfd",
                  "contrastRatio": 4.49,
                  "fontSize": "9.4pt (12.48px)",
                  "fontWeight": "normal",
                  "messageKey": null,
                  "expectedContrastRatio": "4.5:1"
                },
                "relatedNodes": [
                  {
                    "html": "<div class=\"finance-overview__cash svelte-102c35v\" aria-label=\"Cash and liquidity\">",
                    "target": [
                      ".finance-overview__cash"
                    ]
                  }
                ],
                "impact": "serious",
                "message": "Element has insufficient color contrast of 4.49 (foreground color: #77766d, background color: #fdfdfd, font size: 9.4pt (12.48px), font weight: normal). Expected contrast ratio of 4.5:1"
              }
            ],
            "all": [],
            "none": [],
            "impact": "serious",
            "html": "<a class=\"finance-overview__cash-link svelte-102c35v\" href=\"/j-aautomation/app/ledger?project=01a0c5e3-0505-7578-97ed-4c3805c8a913&amp;status=collected\" data-metric=\"collected\">Collected (actual): <strong class=\"svelte-102c35v\">$0.00</strong></a>",
            "target": [
              "a[data-metric=\"collected\"]"
            ],
            "failureSummary": "Fix any of the following:\n  Element has insufficient color contrast of 4.49 (foreground color: #77766d, background color: #fdfdfd, font size: 9.4pt (12.48px), font weight: normal). Expected contrast ratio of 4.5:1"
          },
          {
            "any": [
              {
                "id": "color-contrast",
                "data": {
                  "fgColor": "#77766d",
                  "bgColor": "#fdfdfd",
                  "contrastRatio": 4.49,
                  "fontSize": "9.4pt (12.48px)",
                  "fontWeight": "normal",
                  "messageKey": null,
                  "expectedContrastRatio": "4.5:1"
                },
                "relatedNodes": [
                  {
                    "html": "<div class=\"finance-overview__cash svelte-102c35v\" aria-label=\"Cash and liquidity\">",
                    "target": [
                      ".finance-overview__cash"
                    ]
                  }
                ],
                "impact": "serious",
                "message": "Element has insufficient color contrast of 4.49 (foreground color: #77766d, background color: #fdfdfd, font size: 9.4pt (12.48px), font weight: normal). Expected contrast ratio of 4.5:1"
              }
            ],
            "all": [],
            "none": [],
            "impact": "serious",
            "html": "<a class=\"finance-overview__cash-link svelte-102c35v\" href=\"/j-aautomation/app/ledger?project=01a0c5e3-0505-7578-97ed-4c3805c8a913&amp;status=outstanding\" data-metric=\"outstanding\">Outstanding (actual): <strong class=\"svelte-102c35v\">$0.00</strong></a>",
            "target": [
              "a[data-metric=\"outstanding\"]"
            ],
            "failureSummary": "Fix any of the following:\n  Element has insufficient color contrast of 4.49 (foreground color: #77766d, background color: #fdfdfd, font size: 9.4pt (12.48px), font weight: normal). Expected contrast ratio of 4.5:1"
          },
          {
            "any": [
              {
                "id": "color-contrast",
                "data": {
                  "fgColor": "#77766d",
                  "bgColor": "#fdfdfd",
                  "contrastRatio": 4.49,
                  "fontSize": "9.4pt (12.48px)",
                  "fontWeight": "normal",
                  "messageKey": null,
                  "expectedContrastRatio": "4.5:1"
                },
                "relatedNodes": [
                  {
                    "html": "<div class=\"finance-overview__cash svelte-102c35v\" aria-label=\"Cash and liquidity\">",
                    "target": [
                      ".finance-overview__cash"
                    ]
                  }
                ],
                "impact": "serious",
                "message": "Element has insufficient color contrast of 4.49 (foreground color: #77766d, background color: #fdfdfd, font size: 9.4pt (12.48px), font weight: normal). Expected contrast ratio of 4.5:1"
              }
            ],
            "all": [],
            "none": [],
            "impact": "serious",
            "html": "<span data-metric=\"approved-wip\" class=\"svelte-102c35v\">Approved unbilled WIP: <strong class=\"svelte-102c35v\">$13,150.00</strong></span>",
            "target": [
              "span[data-metric=\"approved-wip\"]"
            ],
            "failureSummary": "Fix any of the following:\n  Element has insufficient color contrast of 4.49 (foreground color: #77766d, background color: #fdfdfd, font size: 9.4pt (12.48px), font weight: normal). Expected contrast ratio of 4.5:1"
          },
          {
            "any": [
              {
                "id": "color-contrast",
                "data": {
                  "fgColor": "#77766d",
                  "bgColor": "#fdfdfd",
                  "contrastRatio": 4.49,
                  "fontSize": "9.4pt (12.48px)",
                  "fontWeight": "normal",
                  "messageKey": null,
                  "expectedContrastRatio": "4.5:1"
                },
                "relatedNodes": [
                  {
                    "html": "<div class=\"finance-overview__cash svelte-102c35v\" aria-label=\"Cash and liquidity\">",
                    "target": [
                      ".finance-overview__cash"
                    ]
                  }
                ],
                "impact": "serious",
                "message": "Element has insufficient color contrast of 4.49 (foreground color: #77766d, background color: #fdfdfd, font size: 9.4pt (12.48px), font weight: normal). Expected contrast ratio of 4.5:1"
              }
            ],
            "all": [],
            "none": [],
            "impact": "serious",
            "html": "<span data-metric=\"revenue-candidate\" class=\"svelte-102c35v\">Revenue candidate: <strong class=\"svelte-102c35v\">$18,400.00</strong></span>",
            "target": [
              "span[data-metric=\"revenue-candidate\"]"
            ],
            "failureSummary": "Fix any of the following:\n  Element has insufficient color contrast of 4.49 (foreground color: #77766d, background color: #fdfdfd, font size: 9.4pt (12.48px), font weight: normal). Expected contrast ratio of 4.5:1"
          }
        ]
      }
    ]

    expect(received).toEqual(expected) // deep equality

    - Expected  -   1
    + Received  + 198

    - Array []
    + Array [
    +   Object {
    +     "description": "Ensure the contrast between foreground and background colors meets WCAG 2 AA minimum contrast ratio thresholds",
    +     "help": "Elements must meet minimum color contrast ratio thresholds",
    +     "helpUrl": "https://dequeuniversity.com/rules/axe/4.13/color-contrast?application=playwright",
    +     "id": "color-contrast",
    +     "impact": "serious",
    +     "nodes": Array [
    +       Object {
    +         "all": Array [],
    +         "any": Array [
    +           Object {
    +             "data": Object {
    +               "bgColor": "#fdfdfb",
    +               "contrastRatio": 4.48,
    +               "expectedContrastRatio": "4.5:1",
    +               "fgColor": "#77766d",
    +               "fontSize": "12.0pt (16px)",
    +               "fontWeight": "normal",
    +               "messageKey": null,
    +             },
    +             "id": "color-contrast",
    +             "impact": "serious",
    +             "message": "Element has insufficient color contrast of 4.48 (foreground color: #77766d, background color: #fdfdfb, font size: 12.0pt (16px), font weight: normal). Expected contrast ratio of 4.5:1",
    +             "relatedNodes": Array [
    +               Object {
    +                 "html": "<main id=\"portal-main\">",
    +                 "target": Array [
    +                   "#portal-main",
    +                 ],
    +               },
    +             ],
    +           },
    +         ],
    +         "failureSummary": "Fix any of the following:
    +   Element has insufficient color contrast of 4.48 (foreground color: #77766d, background color: #fdfdfb, font size: 12.0pt (16px), font weight: normal). Expected contrast ratio of 4.5:1",
    +         "html": "<p class=\"svelte-102c35v\"><!--[-1-->Review project finances, work records, upcoming obligations and reimbursements.<!--]--></p>",
    +         "impact": "serious",
    +         "none": Array [],
    +         "target": Array [
    +           "p:nth-child(3)",
    +         ],
    +       },
    +       Object {
    +         "all": Array [],
    +         "any": Array [
    +           Object {
    +             "data": Object {
    +               "bgColor": "#fdfdfd",
    +               "contrastRatio": 4.49,
    +               "expectedContrastRatio": "4.5:1",
    +               "fgColor": "#77766d",
    +               "fontSize": "9.4pt (12.48px)",
    +               "fontWeight": "normal",
    +               "messageKey": null,
    +             },
    +             "id": "color-contrast",
    +             "impact": "serious",
    +             "message": "Element has insufficient color contrast of 4.49 (foreground color: #77766d, background color: #fdfdfd, font size: 9.4pt (12.48px), font weight: normal). Expected contrast ratio of 4.5:1",
    +             "relatedNodes": Array [
    +               Object {
    +                 "html": "<div class=\"finance-overview__cash svelte-102c35v\" aria-label=\"Cash and liquidity\">",
    +                 "target": Array [
    +                   ".finance-overview__cash",
    +                 ],
    +               },
    +             ],
    +           },
    +         ],
    +         "failureSummary": "Fix any of the following:
    +   Element has insufficient color contrast of 4.49 (foreground color: #77766d, background color: #fdfdfd, font size: 9.4pt (12.48px), font weight: normal). Expected contrast ratio of 4.5:1",
    +         "html": "<a class=\"finance-overview__cash-link svelte-102c35v\" href=\"/j-aautomation/app/ledger?project=01a0c5e3-0505-7578-97ed-4c3805c8a913&amp;status=collected\" data-metric=\"collected\">Collected (actual): <strong class=\"svelte-102c35v\">$0.00</strong></a>",
    +         "impact": "serious",
    +         "none": Array [],
    +         "target": Array [
    +           "a[data-metric=\"collected\"]",
    +         ],
    +       },
    +       Object {
    +         "all": Array [],
    +         "any": Array [
    +           Object {
    +             "data": Object {
    +               "bgColor": "#fdfdfd",
    +               "contrastRatio": 4.49,
    +               "expectedContrastRatio": "4.5:1",
    +               "fgColor": "#77766d",
    +               "fontSize": "9.4pt (12.48px)",
    +               "fontWeight": "normal",
    +               "messageKey": null,
    +             },
    +             "id": "color-contrast",
    +             "impact": "serious",
    +             "message": "Element has insufficient color contrast of 4.49 (foreground color: #77766d, background color: #fdfdfd, font size: 9.4pt (12.48px), font weight: normal). Expected contrast ratio of 4.5:1",
    +             "relatedNodes": Array [
    +               Object {
    +                 "html": "<div class=\"finance-overview__cash svelte-102c35v\" aria-label=\"Cash and liquidity\">",
    +                 "target": Array [
    +                   ".finance-overview__cash",
    +                 ],
    +               },
    +             ],
    +           },
    +         ],
    +         "failureSummary": "Fix any of the following:
    +   Element has insufficient color contrast of 4.49 (foreground color: #77766d, background color: #fdfdfd, font size: 9.4pt (12.48px), font weight: normal). Expected contrast ratio of 4.5:1",
    +         "html": "<a class=\"finance-overview__cash-link svelte-102c35v\" href=\"/j-aautomation/app/ledger?project=01a0c5e3-0505-7578-97ed-4c3805c8a913&amp;status=outstanding\" data-metric=\"outstanding\">Outstanding (actual): <strong class=\"svelte-102c35v\">$0.00</strong></a>",
    +         "impact": "serious",
    +         "none": Array [],
    +         "target": Array [
    +           "a[data-metric=\"outstanding\"]",
    +         ],
    +       },
    +       Object {
    +         "all": Array [],
    +         "any": Array [
    +           Object {
    +             "data": Object {
    +               "bgColor": "#fdfdfd",
    +               "contrastRatio": 4.49,
    +               "expectedContrastRatio": "4.5:1",
    +               "fgColor": "#77766d",
    +               "fontSize": "9.4pt (12.48px)",
    +               "fontWeight": "normal",
    +               "messageKey": null,
    +             },
    +             "id": "color-contrast",
    +             "impact": "serious",
    +             "message": "Element has insufficient color contrast of 4.49 (foreground color: #77766d, background color: #fdfdfd, font size: 9.4pt (12.48px), font weight: normal). Expected contrast ratio of 4.5:1",
    +             "relatedNodes": Array [
    +               Object {
    +                 "html": "<div class=\"finance-overview__cash svelte-102c35v\" aria-label=\"Cash and liquidity\">",
    +                 "target": Array [
    +                   ".finance-overview__cash",
    +                 ],
    +               },
    +             ],
    +           },
    +         ],
    +         "failureSummary": "Fix any of the following:
    +   Element has insufficient color contrast of 4.49 (foreground color: #77766d, background color: #fdfdfd, font size: 9.4pt (12.48px), font weight: normal). Expected contrast ratio of 4.5:1",
    +         "html": "<span data-metric=\"approved-wip\" class=\"svelte-102c35v\">Approved unbilled WIP: <strong class=\"svelte-102c35v\">$13,150.00</strong></span>",
    +         "impact": "serious",
    +         "none": Array [],
    +         "target": Array [
    +           "span[data-metric=\"approved-wip\"]",
    +         ],
    +       },
    +       Object {
    +         "all": Array [],
    +         "any": Array [
    +           Object {
    +             "data": Object {
    +               "bgColor": "#fdfdfd",
    +               "contrastRatio": 4.49,
    +               "expectedContrastRatio": "4.5:1",
    +               "fgColor": "#77766d",
    +               "fontSize": "9.4pt (12.48px)",
    +               "fontWeight": "normal",
    +               "messageKey": null,
    +             },
    +             "id": "color-contrast",
    +             "impact": "serious",
    +             "message": "Element has insufficient color contrast of 4.49 (foreground color: #77766d, background color: #fdfdfd, font size: 9.4pt (12.48px), font weight: normal). Expected contrast ratio of 4.5:1",
    +             "relatedNodes": Array [
    +               Object {
    +                 "html": "<div class=\"finance-overview__cash svelte-102c35v\" aria-label=\"Cash and liquidity\">",
    +                 "target": Array [
    +                   ".finance-overview__cash",
    +                 ],
    +               },
    +             ],
    +           },
    +         ],
    +         "failureSummary": "Fix any of the following:
    +   Element has insufficient color contrast of 4.49 (foreground color: #77766d, background color: #fdfdfd, font size: 9.4pt (12.48px), font weight: normal). Expected contrast ratio of 4.5:1",
    +         "html": "<span data-metric=\"revenue-candidate\" class=\"svelte-102c35v\">Revenue candidate: <strong class=\"svelte-102c35v\">$18,400.00</strong></span>",
    +         "impact": "serious",
    +         "none": Array [],
    +         "target": Array [
    +           "span[data-metric=\"revenue-candidate\"]",
    +         ],
    +       },
    +     ],
    +     "tags": Array [
    +       "cat.color",
    +       "wcag2aa",
    +       "wcag143",
    +       "TTv5",
    +       "TT13.c",
    +       "EN-301-549",
    +       "EN-9.1.4.3",
    +       "ACT",
    +       "RGAAv4",
    +       "RGAA-3.2.1",
    +     ],
    +   },
    + ]

      138 |     .withTags(['wcag2a', 'wcag2aa', 'wcag21aa'])
      139 |     .analyze();
    > 140 |   expect(result.violations, `${context}: ${JSON.stringify(result.violations, null, 2)}`).toEqual(
          |                                                                                          ^
      141 |     [],
      142 |   );
      143 | }
        at expectNoAxeViolations (/home/kripta/ja-automation-platform-vps-hotfix/tests/e2e/ui-multirole-accessibility-matrix.spec.ts:140:90)
        at /home/kripta/ja-automation-platform-vps-hotfix/tests/e2e/ui-multirole-accessibility-matrix.spec.ts:452:7

    Error Context: test-results/ui-multirole-accessibility-eae50-ponsive-and-keyboard-matrix-desktop/error-context.md

    attachment #2: trace (application/zip) ─────────────────────────────────────────────────────────
    test-results/ui-multirole-accessibility-eae50-ponsive-and-keyboard-matrix-desktop/trace.zip
    Usage:

        pnpm exec playwright show-trace test-results/ui-multirole-accessibility-eae50-ponsive-and-keyboard-matrix-desktop/trace.zip

    ────────────────────────────────────────────────────────────────────────────────────────────────

  18 failed
    [phone-360] › tests/e2e/ui-multirole-accessibility-matrix.spec.ts:429:3 › worker Client Essential surfaces pass axe, responsive and keyboard matrix 
    [phone-360] › tests/e2e/ui-multirole-accessibility-matrix.spec.ts:429:3 › manager Client Essential surfaces pass axe, responsive and keyboard matrix 
    [phone-360] › tests/e2e/ui-multirole-accessibility-matrix.spec.ts:429:3 › finance Client Essential surfaces pass axe, responsive and keyboard matrix 
    [phone-360] › tests/e2e/ui-multirole-accessibility-matrix.spec.ts:429:3 › owner Client Essential surfaces pass axe, responsive and keyboard matrix 
    [phone-360] › tests/e2e/ui-multirole-accessibility-matrix.spec.ts:429:3 › auditor Client Essential surfaces pass axe, responsive and keyboard matrix 
    [phone-390] › tests/e2e/ui-multirole-accessibility-matrix.spec.ts:429:3 › worker Client Essential surfaces pass axe, responsive and keyboard matrix 
    [phone-390] › tests/e2e/ui-multirole-accessibility-matrix.spec.ts:429:3 › finance Client Essential surfaces pass axe, responsive and keyboard matrix 
    [phone-390] › tests/e2e/ui-multirole-accessibility-matrix.spec.ts:429:3 › owner Client Essential surfaces pass axe, responsive and keyboard matrix 
    [phone-390] › tests/e2e/ui-multirole-accessibility-matrix.spec.ts:429:3 › auditor Client Essential surfaces pass axe, responsive and keyboard matrix 
    [tablet-768] › tests/e2e/ui-multirole-accessibility-matrix.spec.ts:429:3 › worker Client Essential surfaces pass axe, responsive and keyboard matrix 
    [tablet-768] › tests/e2e/ui-multirole-accessibility-matrix.spec.ts:429:3 › finance Client Essential surfaces pass axe, responsive and keyboard matrix 
    [tablet-768] › tests/e2e/ui-multirole-accessibility-matrix.spec.ts:429:3 › owner Client Essential surfaces pass axe, responsive and keyboard matrix 
    [tablet-768] › tests/e2e/ui-multirole-accessibility-matrix.spec.ts:429:3 › auditor Client Essential surfaces pass axe, responsive and keyboard matrix 
    [desktop] › tests/e2e/ui-multirole-accessibility-matrix.spec.ts:429:3 › worker Client Essential surfaces pass axe, responsive and keyboard matrix 
    [desktop] › tests/e2e/ui-multirole-accessibility-matrix.spec.ts:429:3 › manager Client Essential surfaces pass axe, responsive and keyboard matrix 
    [desktop] › tests/e2e/ui-multirole-accessibility-matrix.spec.ts:429:3 › finance Client Essential surfaces pass axe, responsive and keyboard matrix 
    [desktop] › tests/e2e/ui-multirole-accessibility-matrix.spec.ts:429:3 › owner Client Essential surfaces pass axe, responsive and keyboard matrix 
    [desktop] › tests/e2e/ui-multirole-accessibility-matrix.spec.ts:429:3 › auditor Client Essential surfaces pass axe, responsive and keyboard matrix 
  6 skipped
  12 passed (3.7m)
