kind,action,route,source,implementation,task_ids,destination,task_role_projection,nearest_workspace,navigation_coverage,source_guard,schemas,extracted_fields,permission_caveat
form action,setWorkforceProfile,/app/[section],apps/portal/src/routes/app/[section]/section-actions.ts:16,apps/portal/src/lib/server/actions/access-actions.ts:845,team-profile,/app/projects?view=team&directory=specialists#team-panel-specialists,Canonical Owner,projects workspace,Register/workspace context; locate the existing control in this workspace,if (event.params.section !== 'projects') if (context.principal.role !== 'owner_admin'),uuidSchema,[],"Task visibility is a navigation projection, not proof of authorization. Live session, object scope, assignment/delegation, source ownership, state/version and repository guards remain authoritative. Canonical owner required for the corresponding team/mailbox UI. Empty extracted_fields means the extractor did not resolve formObject/FormData or schema fields; it does not mean the action accepts no input."
form action,autosaveReport,/app/[section],apps/portal/src/routes/app/[section]/section-actions.ts:17,apps/portal/src/lib/server/actions/operations-actions.ts:1611,report-edit,/app/reports?view=daily#report-panel-daily,"Canonical Owner, Other Owner, Project Manager, Worker, Supplier Coordinator, External Technician",reports workspace,Selected record/menu context; locate the existing state-dependent control,if (params.section !== 'reports'),,[],"Task visibility is a navigation projection, not proof of authorization. Live session, object scope, assignment/delegation, source ownership, state/version and repository guards remain authoritative. Empty extracted_fields means the extractor did not resolve formObject/FormData or schema fields; it does not mean the action accepts no input."
form action,generatePeriodReports,/app/[section],apps/portal/src/routes/app/[section]/section-actions.ts:18,apps/portal/src/lib/server/actions/operations-actions.ts:2302,report-signoff,/app/reports?view=signoff#report-panel-signoff,"Canonical Owner, Other Owner, Project Manager",reports workspace,Exact existing form/surface or selected configuration section; record scope and permission may still be required,if (params.section !== 'reports'),,"[""technicalReportIds""]","Task visibility is a navigation projection, not proof of authorization. Live session, object scope, assignment/delegation, source ownership, state/version and repository guards remain authoritative."
form action,createDailyReport,/app/[section],apps/portal/src/routes/app/[section]/section-actions.ts:19,apps/portal/src/lib/server/actions/operations-actions.ts:2356,report-daily,/app/reports?view=daily#report-panel-daily,"Canonical Owner, Other Owner, Project Manager, Worker, Supplier Coordinator, External Technician",reports workspace,Exact existing form/surface or selected configuration section; record scope and permission may still be required,"if (params.section !== 'reports') if (['owner_admin', 'project_manager'].includes(context.principal.role) && !workerId)",dailyReportInputSchema,[],"Task visibility is a navigation projection, not proof of authorization. Live session, object scope, assignment/delegation, source ownership, state/version and repository guards remain authoritative. Empty extracted_fields means the extractor did not resolve formObject/FormData or schema fields; it does not mean the action accepts no input."
form action,createTechnicalReport,/app/[section],apps/portal/src/routes/app/[section]/section-actions.ts:20,apps/portal/src/lib/server/actions/operations-actions.ts:2394,report-technical,/app/reports?view=technical#report-panel-technical,"Canonical Owner, Other Owner, Project Manager, Worker, Supplier Coordinator, External Technician",reports workspace,Exact existing form/surface or selected configuration section; record scope and permission may still be required,"if (params.section !== 'reports') if (['owner_admin', 'project_manager'].includes(context.principal.role) && !workerId)",technicalReportInputSchema,[],"Task visibility is a navigation projection, not proof of authorization. Live session, object scope, assignment/delegation, source ownership, state/version and repository guards remain authoritative. Empty extracted_fields means the extractor did not resolve formObject/FormData or schema fields; it does not mean the action accepts no input."
form action,createTechnicalChange,/app/[section],apps/portal/src/routes/app/[section]/section-actions.ts:21,apps/portal/src/lib/server/actions/operations-actions.ts:2439,management,/app/manage,"Canonical Owner, Other Owner",reports workspace,Nearest management/register context only; no dedicated legacy action form opened,if (params.section !== 'reports'),technicalChangeInputSchema,[],"Task visibility is a navigation projection, not proof of authorization. Live session, object scope, assignment/delegation, source ownership, state/version and repository guards remain authoritative. Empty extracted_fields means the extractor did not resolve formObject/FormData or schema fields; it does not mean the action accepts no input."
form action,submitReport,/app/[section],apps/portal/src/routes/app/[section]/section-actions.ts:22,apps/portal/src/lib/server/actions/operations-actions.ts:2483,report-submit,/app/reports?view=daily#report-panel-daily,"Canonical Owner, Other Owner, Project Manager, Worker, Supplier Coordinator, External Technician",reports workspace,Register/workspace context; locate the existing control in this workspace,if (params.section !== 'reports'),versionedRecordSchema,[],"Task visibility is a navigation projection, not proof of authorization. Live session, object scope, assignment/delegation, source ownership, state/version and repository guards remain authoritative. Empty extracted_fields means the extractor did not resolve formObject/FormData or schema fields; it does not mean the action accepts no input."
form action,submitTechnicalChange,/app/[section],apps/portal/src/routes/app/[section]/section-actions.ts:23,apps/portal/src/lib/server/actions/operations-actions.ts:2548,management,/app/manage,"Canonical Owner, Other Owner",reports workspace,Nearest management/register context only; no dedicated legacy action form opened,if (params.section !== 'reports'),versionedRecordSchema,[],"Task visibility is a navigation projection, not proof of authorization. Live session, object scope, assignment/delegation, source ownership, state/version and repository guards remain authoritative. Empty extracted_fields means the extractor did not resolve formObject/FormData or schema fields; it does not mean the action accepts no input."
form action,createPlanning,/app/[section],apps/portal/src/routes/app/[section]/section-actions.ts:24,apps/portal/src/lib/server/actions/operations-actions.ts:2577,planning-create,/app/planning#planning-create-form,"Canonical Owner, Other Owner, Project Manager",planning workspace,Register/workspace context; locate the existing control in this workspace,if (params.section !== 'planning'),,"[""workerIds""]","Task visibility is a navigation projection, not proof of authorization. Live session, object scope, assignment/delegation, source ownership, state/version and repository guards remain authoritative."
form action,updatePlanning,/app/[section],apps/portal/src/routes/app/[section]/section-actions.ts:25,apps/portal/src/lib/server/actions/operations-actions.ts:2645,planning-create,/app/planning#planning-create-form,"Canonical Owner, Other Owner, Project Manager",planning workspace,Register/workspace context; locate the existing control in this workspace,if (params.section !== 'planning'),,[],"Task visibility is a navigation projection, not proof of authorization. Live session, object scope, assignment/delegation, source ownership, state/version and repository guards remain authoritative. Empty extracted_fields means the extractor did not resolve formObject/FormData or schema fields; it does not mean the action accepts no input."
form action,cancelPlanning,/app/[section],apps/portal/src/routes/app/[section]/section-actions.ts:26,apps/portal/src/lib/server/actions/operations-actions.ts:2680,planning-create,/app/planning#planning-create-form,"Canonical Owner, Other Owner, Project Manager",planning workspace,Register/workspace context; locate the existing control in this workspace,if (params.section !== 'planning'),versionedRecordSchema,[],"Task visibility is a navigation projection, not proof of authorization. Live session, object scope, assignment/delegation, source ownership, state/version and repository guards remain authoritative. Empty extracted_fields means the extractor did not resolve formObject/FormData or schema fields; it does not mean the action accepts no input."
form action,createSkill,/app/[section],apps/portal/src/routes/app/[section]/section-actions.ts:27,apps/portal/src/lib/server/actions/operations-actions.ts:2708,planning-skills,/app/planning#planning-skills,"Canonical Owner, Other Owner",planning workspace,Register/workspace context; locate the existing control in this workspace,if (params.section !== 'planning'),skillInputSchema,[],"Task visibility is a navigation projection, not proof of authorization. Live session, object scope, assignment/delegation, source ownership, state/version and repository guards remain authoritative. Empty extracted_fields means the extractor did not resolve formObject/FormData or schema fields; it does not mean the action accepts no input."
form action,setWorkerSkill,/app/[section],apps/portal/src/routes/app/[section]/section-actions.ts:28,apps/portal/src/lib/server/actions/operations-actions.ts:2736,planning-skills; profile-skills,/app/planning#planning-skills; /app/profile#profile-skills,"Canonical Owner, Other Owner; Canonical Owner, Other Owner, Project Manager, Worker",planning workspace,Register/workspace context; locate the existing control in this workspace,if (params.section !== 'planning' && params.section !== 'profile'),workerSkillInputSchema,[],"Task visibility is a navigation projection, not proof of authorization. Live session, object scope, assignment/delegation, source ownership, state/version and repository guards remain authoritative. Empty extracted_fields means the extractor did not resolve formObject/FormData or schema fields; it does not mean the action accepts no input."
form action,setAvailability,/app/[section],apps/portal/src/routes/app/[section]/section-actions.ts:29,apps/portal/src/lib/server/actions/operations-actions.ts:2856,profile-skills,/app/profile#profile-skills,"Canonical Owner, Other Owner, Project Manager, Worker",planning workspace,Register/workspace context; locate the existing control in this workspace,if (params.section !== 'planning' && params.section !== 'profile'),availabilityInputSchema,[],"Task visibility is a navigation projection, not proof of authorization. Live session, object scope, assignment/delegation, source ownership, state/version and repository guards remain authoritative. Empty extracted_fields means the extractor did not resolve formObject/FormData or schema fields; it does not mean the action accepts no input."
form action,reviewReport,/app/[section],apps/portal/src/routes/app/[section]/section-actions.ts:30,apps/portal/src/lib/server/actions/operations-actions.ts:2894,approval-reports,/app/approvals?tab=reports#approval-queue,"Canonical Owner, Other Owner, Finance Admin, Project Manager",approvals workspace,Register/workspace context; locate the existing control in this workspace,if (params.section !== 'approvals'),reportDecisionSchema,[],"Task visibility is a navigation projection, not proof of authorization. Live session, object scope, assignment/delegation, source ownership, state/version and repository guards remain authoritative. Empty extracted_fields means the extractor did not resolve formObject/FormData or schema fields; it does not mean the action accepts no input."
form action,reviewTechnicalChange,/app/[section],apps/portal/src/routes/app/[section]/section-actions.ts:31,apps/portal/src/lib/server/actions/operations-actions.ts:2931,approval-reports,/app/approvals?tab=reports#approval-queue,"Canonical Owner, Other Owner, Finance Admin, Project Manager",approvals workspace,Nearest management/register context only; no dedicated legacy action form opened,if (params.section !== 'approvals'),technicalChangeDecisionSchema,[],"Task visibility is a navigation projection, not proof of authorization. Live session, object scope, assignment/delegation, source ownership, state/version and repository guards remain authoritative. Empty extracted_fields means the extractor did not resolve formObject/FormData or schema fields; it does not mean the action accepts no input."
form action,reviewMilestone,/app/[section],apps/portal/src/routes/app/[section]/section-actions.ts:32,apps/portal/src/lib/server/actions/operations-actions.ts:2981,project-milestones,/app/projects#project-milestone-create,"Canonical Owner, Other Owner",approvals workspace,Selected record/menu context; locate the existing state-dependent control,if (params.section !== 'approvals'),technicalChangeDecisionSchema,[],"Task visibility is a navigation projection, not proof of authorization. Live session, object scope, assignment/delegation, source ownership, state/version and repository guards remain authoritative. Empty extracted_fields means the extractor did not resolve formObject/FormData or schema fields; it does not mean the action accepts no input."
form action,createBillingRule,/app/[section],apps/portal/src/routes/app/[section]/section-actions.ts:33,apps/portal/src/lib/server/actions/billing-actions.ts:1565,billing-stream-create,/app/billing?view=setup&setup=stream#billing-setup-workspace,"Canonical Owner, Other Owner, Finance Admin",billing workspace,Exact existing form/surface or selected configuration section; record scope and permission may still be required,"if (params.section !== 'billing') if (context.principal.role === 'auditor_read_only') throw new AccessDeniedError('Read-only role'); if (!['owner_admin', 'finance_admin'].includes(context.principal.role)) throw new AccessDeniedError('Finance role required'); context.principal.role, context?.principal.role, context.principal.role,",billingRuleInputSchema,[],"Task visibility is a navigation projection, not proof of authorization. Live session, object scope, assignment/delegation, source ownership, state/version and repository guards remain authoritative. Empty extracted_fields means the extractor did not resolve formObject/FormData or schema fields; it does not mean the action accepts no input."
form action,setInvoicePlanningDates,/app/[section],apps/portal/src/routes/app/[section]/section-actions.ts:34,apps/portal/src/lib/server/actions/billing-actions.ts:1529,invoice-payment,/app/billing?view=invoices,"Canonical Owner, Other Owner, Finance Admin",billing workspace,Selected record/menu context; locate the existing state-dependent control,"if (params.section !== 'billing') context.principal.role,",invoicePlanningDatesInputSchema,[],"Task visibility is a navigation projection, not proof of authorization. Live session, object scope, assignment/delegation, source ownership, state/version and repository guards remain authoritative. Draft, approved, issued and paid states expose different controls; issued history uses void/credit/adjustment, never silent edits. Empty extracted_fields means the extractor did not resolve formObject/FormData or schema fields; it does not mean the action accepts no input."
form action,updateBillingRule,/app/[section],apps/portal/src/routes/app/[section]/section-actions.ts:35,apps/portal/src/lib/server/actions/billing-actions.ts:1733,billing-streams,/app/billing?view=streams,"Canonical Owner, Other Owner, Finance Admin",billing workspace,Register/workspace context; locate the existing control in this workspace,"if (params.section !== 'billing') context.principal.role,",,"[""billingRuleId"", ""templateId"", ""recipientEmail"", ""paymentTermsDays"", ""pastDueNotice"", ""poNumberOverride"", ""groupingMode"", ""includedMinutes"", ""autoGenerateDraft"", ""includeExpenses"", ""autoIssue"", ""autoSend"", ""fixedAmountMinor""]","Task visibility is a navigation projection, not proof of authorization. Live session, object scope, assignment/delegation, source ownership, state/version and repository guards remain authoritative."
form action,archiveBillingRule,/app/[section],apps/portal/src/routes/app/[section]/section-actions.ts:36,apps/portal/src/lib/server/actions/billing-actions.ts:1799,billing-streams,/app/billing?view=streams,"Canonical Owner, Other Owner, Finance Admin",billing workspace,Register/workspace context; locate the existing control in this workspace,"if (params.section !== 'billing') context.principal.role,",,"[""billingRuleId""]","Task visibility is a navigation projection, not proof of authorization. Live session, object scope, assignment/delegation, source ownership, state/version and repository guards remain authoritative."
form action,createLegalEntity,/app/[section],apps/portal/src/routes/app/[section]/section-actions.ts:37,apps/portal/src/lib/server/actions/billing-actions.ts:1630,billing-entity,/app/billing?view=setup&setup=entity#billing-setup-workspace,"Canonical Owner, Other Owner",billing workspace,Exact existing form/surface or selected configuration section; record scope and permission may still be required,"if (params.section !== 'billing') context.principal.role,",legalEntityInputSchema,[],"Task visibility is a navigation projection, not proof of authorization. Live session, object scope, assignment/delegation, source ownership, state/version and repository guards remain authoritative. Empty extracted_fields means the extractor did not resolve formObject/FormData or schema fields; it does not mean the action accepts no input."
form action,updateLegalEntity,/app/[section],apps/portal/src/routes/app/[section]/section-actions.ts:38,apps/portal/src/lib/server/actions/billing-actions.ts:1823,billing-entity,/app/billing?view=setup&setup=entity#billing-setup-workspace,"Canonical Owner, Other Owner",billing workspace,Register/workspace context; locate the existing control in this workspace,"if (params.section !== 'billing') context.principal.role,",,"[""legalEntityId"", ""legalName"", ""currency"", ""billingAddress"", ""companyIdentifiers""]","Task visibility is a navigation projection, not proof of authorization. Live session, object scope, assignment/delegation, source ownership, state/version and repository guards remain authoritative."
form action,updateIssuerDocumentSettings,/app/[section],apps/portal/src/routes/app/[section]/section-actions.ts:39,apps/portal/src/lib/server/actions/billing-actions.ts:1459,billing-entity,/app/billing?view=setup&setup=entity#billing-setup-workspace,"Canonical Owner, Other Owner",billing workspace,Register/workspace context; locate the existing control in this workspace,"if (params.section !== 'billing') context.principal.role,",issuerDocumentSettingsInputSchema,[],"Task visibility is a navigation projection, not proof of authorization. Live session, object scope, assignment/delegation, source ownership, state/version and repository guards remain authoritative. Empty extracted_fields means the extractor did not resolve formObject/FormData or schema fields; it does not mean the action accepts no input."
form action,archiveLegalEntity,/app/[section],apps/portal/src/routes/app/[section]/section-actions.ts:40,apps/portal/src/lib/server/actions/billing-actions.ts:1856,billing-entity,/app/billing?view=setup&setup=entity#billing-setup-workspace,"Canonical Owner, Other Owner",billing workspace,Register/workspace context; locate the existing control in this workspace,"if (params.section !== 'billing') context.principal.role,",,"[""legalEntityId""]","Task visibility is a navigation projection, not proof of authorization. Live session, object scope, assignment/delegation, source ownership, state/version and repository guards remain authoritative."
form action,createInvoiceNumberPolicy,/app/[section],apps/portal/src/routes/app/[section]/section-actions.ts:41,apps/portal/src/lib/server/actions/billing-actions.ts:1657,billing-numbering,/app/billing?view=setup&setup=numbering#billing-setup-workspace,"Canonical Owner, Other Owner",billing workspace,Exact existing form/surface or selected configuration section; record scope and permission may still be required,"if (params.section !== 'billing') context.principal.role,",invoiceNumberPolicyInputSchema,[],"Task visibility is a navigation projection, not proof of authorization. Live session, object scope, assignment/delegation, source ownership, state/version and repository guards remain authoritative. Draft, approved, issued and paid states expose different controls; issued history uses void/credit/adjustment, never silent edits. Empty extracted_fields means the extractor did not resolve formObject/FormData or schema fields; it does not mean the action accepts no input."
form action,createTaxProfile,/app/[section],apps/portal/src/routes/app/[section]/section-actions.ts:42,apps/portal/src/lib/server/actions/billing-actions.ts:1691,billing-tax,/app/billing?view=setup&setup=tax#billing-setup-workspace,"Canonical Owner, Other Owner, Finance Admin",billing workspace,Exact existing form/surface or selected configuration section; record scope and permission may still be required,"if (params.section !== 'billing') context.principal.role,",taxProfileInputSchema,[],"Task visibility is a navigation projection, not proof of authorization. Live session, object scope, assignment/delegation, source ownership, state/version and repository guards remain authoritative. Empty extracted_fields means the extractor did not resolve formObject/FormData or schema fields; it does not mean the action accepts no input."
form action,updateTaxProfile,/app/[section],apps/portal/src/routes/app/[section]/section-actions.ts:43,apps/portal/src/lib/server/actions/billing-actions.ts:1880,billing-tax,/app/billing?view=setup&setup=tax#billing-setup-workspace,"Canonical Owner, Other Owner, Finance Admin",billing workspace,Register/workspace context; locate the existing control in this workspace,"if (params.section !== 'billing') context.principal.role,",,"[""taxProfileId"", ""name""]","Task visibility is a navigation projection, not proof of authorization. Live session, object scope, assignment/delegation, source ownership, state/version and repository guards remain authoritative."
form action,archiveTaxProfile,/app/[section],apps/portal/src/routes/app/[section]/section-actions.ts:44,apps/portal/src/lib/server/actions/billing-actions.ts:1908,billing-tax,/app/billing?view=setup&setup=tax#billing-setup-workspace,"Canonical Owner, Other Owner, Finance Admin",billing workspace,Register/workspace context; locate the existing control in this workspace,"if (params.section !== 'billing') context.principal.role,",,"[""taxProfileId""]","Task visibility is a navigation projection, not proof of authorization. Live session, object scope, assignment/delegation, source ownership, state/version and repository guards remain authoritative."
form action,createDraft,/app/[section],apps/portal/src/routes/app/[section]/section-actions.ts:45,apps/portal/src/lib/server/actions/billing-actions.ts:1932,invoice-create,/app/billing?view=invoices,"Canonical Owner, Other Owner, Finance Admin",billing workspace,Exact existing form/surface or selected configuration section; record scope and permission may still be required,"if (params.section !== 'billing') context.principal.role,",invoicePeriodSchema,[],"Task visibility is a navigation projection, not proof of authorization. Live session, object scope, assignment/delegation, source ownership, state/version and repository guards remain authoritative. Empty extracted_fields means the extractor did not resolve formObject/FormData or schema fields; it does not mean the action accepts no input."
form action,createInvoiceAdjustment,/app/[section],apps/portal/src/routes/app/[section]/section-actions.ts:46,apps/portal/src/lib/server/actions/billing-actions.ts:1965,invoice-credit,/app/billing?view=invoices,"Canonical Owner, Other Owner, Finance Admin",billing workspace,Selected record/menu context; locate the existing state-dependent control,"if (params.section !== 'billing') context.principal.role,",invoiceAdjustmentSchema,[],"Task visibility is a navigation projection, not proof of authorization. Live session, object scope, assignment/delegation, source ownership, state/version and repository guards remain authoritative. Draft, approved, issued and paid states expose different controls; issued history uses void/credit/adjustment, never silent edits. Empty extracted_fields means the extractor did not resolve formObject/FormData or schema fields; it does not mean the action accepts no input."
form action,approveInvoice,/app/[section],apps/portal/src/routes/app/[section]/section-actions.ts:47,apps/portal/src/lib/server/actions/billing-actions.ts:1997,invoice-approve,/app/billing?view=invoices,"Canonical Owner, Other Owner, Finance Admin",billing workspace,Selected record/menu context; locate the existing state-dependent control,"if (params.section !== 'billing') context.principal.role,",invoiceIdSchema,[],"Task visibility is a navigation projection, not proof of authorization. Live session, object scope, assignment/delegation, source ownership, state/version and repository guards remain authoritative. Draft, approved, issued and paid states expose different controls; issued history uses void/credit/adjustment, never silent edits. Empty extracted_fields means the extractor did not resolve formObject/FormData or schema fields; it does not mean the action accepts no input."
form action,recalculateApprovedInvoice,/app/[section],apps/portal/src/routes/app/[section]/section-actions.ts:48,apps/portal/src/lib/server/actions/billing-actions.ts:2024,invoice-recalculate,/app/billing?view=invoices,"Canonical Owner, Other Owner",billing workspace,Selected record/menu context; locate the existing state-dependent control,"if (params.section !== 'billing') context.principal.role,",invoiceIdSchema,[],"Task visibility is a navigation projection, not proof of authorization. Live session, object scope, assignment/delegation, source ownership, state/version and repository guards remain authoritative. Draft, approved, issued and paid states expose different controls; issued history uses void/credit/adjustment, never silent edits. Empty extracted_fields means the extractor did not resolve formObject/FormData or schema fields; it does not mean the action accepts no input."
form action,deleteInvoice,/app/[section],apps/portal/src/routes/app/[section]/section-actions.ts:49,apps/portal/src/lib/server/actions/billing-actions.ts:2060,invoice-delete,/app/billing?view=invoices,"Canonical Owner, Other Owner, Finance Admin",billing workspace,Selected record/menu context; locate the existing state-dependent control,"if (params.section !== 'billing') context.principal.role === 'owner_admin' && context.principal.role, context.principal.role === 'owner_admin' context.principal.role,",invoiceIdSchema,[],"Task visibility is a navigation projection, not proof of authorization. Live session, object scope, assignment/delegation, source ownership, state/version and repository guards remain authoritative. Draft, approved, issued and paid states expose different controls; issued history uses void/credit/adjustment, never silent edits. Empty extracted_fields means the extractor did not resolve formObject/FormData or schema fields; it does not mean the action accepts no input."
form action,issueInvoice,/app/[section],apps/portal/src/routes/app/[section]/section-actions.ts:50,apps/portal/src/lib/server/actions/billing-actions.ts:2105,invoice-issue,/app/billing?view=invoices,"Canonical Owner, Other Owner, Finance Admin",billing workspace,Selected record/menu context; locate the existing state-dependent control,"if (params.section !== 'billing') context?.principal.role,",invoiceIdSchema,[],"Task visibility is a navigation projection, not proof of authorization. Live session, object scope, assignment/delegation, source ownership, state/version and repository guards remain authoritative. Draft, approved, issued and paid states expose different controls; issued history uses void/credit/adjustment, never silent edits. Empty extracted_fields means the extractor did not resolve formObject/FormData or schema fields; it does not mean the action accepts no input."
form action,recordPayment,/app/[section],apps/portal/src/routes/app/[section]/section-actions.ts:51,apps/portal/src/lib/server/actions/billing-actions.ts:2145,invoice-payment,/app/billing?view=invoices,"Canonical Owner, Other Owner, Finance Admin",billing workspace,Selected record/menu context; locate the existing state-dependent control,"if (params.section !== 'billing') context?.principal.role,",paymentInputSchema,[],"Task visibility is a navigation projection, not proof of authorization. Live session, object scope, assignment/delegation, source ownership, state/version and repository guards remain authoritative. Empty extracted_fields means the extractor did not resolve formObject/FormData or schema fields; it does not mean the action accepts no input."
form action,reversePayment,/app/[section],apps/portal/src/routes/app/[section]/section-actions.ts:52,apps/portal/src/lib/server/actions/billing-actions.ts:2210,invoice-payment-reverse,/app/billing?view=invoices,"Canonical Owner, Other Owner, Finance Admin",billing workspace,Selected record/menu context; locate the existing state-dependent control,"if (params.section !== 'billing') context?.principal.role,",paymentReversalInputSchema,[],"Task visibility is a navigation projection, not proof of authorization. Live session, object scope, assignment/delegation, source ownership, state/version and repository guards remain authoritative. Empty extracted_fields means the extractor did not resolve formObject/FormData or schema fields; it does not mean the action accepts no input."
form action,closePeriod,/app/[section],apps/portal/src/routes/app/[section]/section-actions.ts:53,apps/portal/src/lib/server/actions/billing-actions.ts:2282,accounting-finalize,/app/accounting#accounting-register,"Canonical Owner, Other Owner, Finance Admin",billing workspace,Register/workspace context; locate the existing control in this workspace,"if (params.section !== 'billing') remedies: [{ id: billingReadinessRemedyId(reasonCode, context.principal.role) }], context.principal.role,",billingCloseSchema,[],"Task visibility is a navigation projection, not proof of authorization. Live session, object scope, assignment/delegation, source ownership, state/version and repository guards remain authoritative. Empty extracted_fields means the extractor did not resolve formObject/FormData or schema fields; it does not mean the action accepts no input."
form action,voidInvoice,/app/[section],apps/portal/src/routes/app/[section]/section-actions.ts:54,apps/portal/src/lib/server/actions/billing-actions.ts:2331,invoice-void,/app/billing?view=invoices,"Canonical Owner, Other Owner",billing workspace,Selected record/menu context; locate the existing state-dependent control,"if (params.section !== 'billing') context.principal.role,",voidInvoiceSchema,[],"Task visibility is a navigation projection, not proof of authorization. Live session, object scope, assignment/delegation, source ownership, state/version and repository guards remain authoritative. Draft, approved, issued and paid states expose different controls; issued history uses void/credit/adjustment, never silent edits. Empty extracted_fields means the extractor did not resolve formObject/FormData or schema fields; it does not mean the action accepts no input."
form action,restoreCreditNoteState,/app/[section],apps/portal/src/routes/app/[section]/section-actions.ts:55,apps/portal/src/lib/server/actions/billing-actions.ts:2358,invoice-credit,/app/billing?view=invoices,"Canonical Owner, Other Owner, Finance Admin",billing workspace,Selected record/menu context; locate the existing state-dependent control,"if (params.section !== 'billing') context.principal.role,",invoiceIdSchema,[],"Task visibility is a navigation projection, not proof of authorization. Live session, object scope, assignment/delegation, source ownership, state/version and repository guards remain authoritative. Empty extracted_fields means the extractor did not resolve formObject/FormData or schema fields; it does not mean the action accepts no input."
form action,sendInvoice,/app/[section],apps/portal/src/routes/app/[section]/section-actions.ts:56,apps/portal/src/lib/server/actions/billing-actions.ts:2454,invoice-email,/app/billing?view=invoices,"Canonical Owner, Other Owner, Finance Admin",billing workspace,Selected record/menu context; locate the existing state-dependent control,"if (params.section !== 'billing') context.principal.role,",sendInvoiceSchema,[],"Task visibility is a navigation projection, not proof of authorization. Live session, object scope, assignment/delegation, source ownership, state/version and repository guards remain authoritative. Draft, approved, issued and paid states expose different controls; issued history uses void/credit/adjustment, never silent edits. Empty extracted_fields means the extractor did not resolve formObject/FormData or schema fields; it does not mean the action accepts no input."
form action,emailInvoice,/app/[section],apps/portal/src/routes/app/[section]/section-actions.ts:57,apps/portal/src/lib/server/actions/billing-actions.ts:2389,invoice-email,/app/billing?view=invoices,"Canonical Owner, Other Owner, Finance Admin",billing workspace,Selected record/menu context; locate the existing state-dependent control,"if (params.section !== 'billing') return actionFail(404, 'action.navigation.wrongSection'); const failure = billingActionFailure(error, 'emailInvoice', context?.principal.role, {",invoiceRecordIdSchema,[],"Task visibility is a navigation projection, not proof of authorization. Live session, object scope, assignment/delegation, source ownership, state/version and repository guards remain authoritative. Draft, approved, issued and paid states expose different controls; issued history uses void/credit/adjustment, never silent edits. Empty extracted_fields means the extractor did not resolve formObject/FormData or schema fields; it does not mean the action accepts no input."
form action,createAccountingPack,/app/[section],apps/portal/src/routes/app/[section]/section-actions.ts:58,apps/portal/src/lib/server/actions/billing-actions.ts:2484,accounting-create,/app/accounting#accounting-generate,"Canonical Owner, Other Owner, Finance Admin",accounting workspace,Register/workspace context; locate the existing control in this workspace,"if (params.section !== 'accounting') context.principal.role,",accountingPackPeriodSchema,[],"Task visibility is a navigation projection, not proof of authorization. Live session, object scope, assignment/delegation, source ownership, state/version and repository guards remain authoritative. Empty extracted_fields means the extractor did not resolve formObject/FormData or schema fields; it does not mean the action accepts no input."
form action,finalizeAccountingPack,/app/[section],apps/portal/src/routes/app/[section]/section-actions.ts:59,apps/portal/src/lib/server/actions/billing-actions.ts:2570,accounting-finalize,/app/accounting#accounting-register,"Canonical Owner, Other Owner, Finance Admin",accounting workspace,Register/workspace context; locate the existing control in this workspace,"if (params.section !== 'accounting') return billingActionFailure(error, 'finalizeAccountingPack', context.principal.role, {",,[],"Task visibility is a navigation projection, not proof of authorization. Live session, object scope, assignment/delegation, source ownership, state/version and repository guards remain authoritative. Empty extracted_fields means the extractor did not resolve formObject/FormData or schema fields; it does not mean the action accepts no input."
form action,createClient,/app/[section],apps/portal/src/routes/app/[section]/section-actions.ts:60,apps/portal/src/lib/server/actions/project-actions.ts:851,client-create,/app/projects?view=clients&action=new-client#new-client,"Canonical Owner, Other Owner, Finance Admin",projects workspace,Exact existing form/surface or selected configuration section; record scope and permission may still be required,if (params.section !== 'projects'),clientInputSchema,[],"Task visibility is a navigation projection, not proof of authorization. Live session, object scope, assignment/delegation, source ownership, state/version and repository guards remain authoritative. Empty extracted_fields means the extractor did not resolve formObject/FormData or schema fields; it does not mean the action accepts no input."
form action,createClientContact,/app/[section],apps/portal/src/routes/app/[section]/section-actions.ts:61,apps/portal/src/lib/server/actions/project-actions.ts:909,client-contacts,/app/projects#client-contact-create,"Canonical Owner, Other Owner, Finance Admin",projects workspace,Exact existing form/surface or selected configuration section; record scope and permission may still be required,if (params.section !== 'projects'),clientContactInputSchema,[],"Task visibility is a navigation projection, not proof of authorization. Live session, object scope, assignment/delegation, source ownership, state/version and repository guards remain authoritative. Empty extracted_fields means the extractor did not resolve formObject/FormData or schema fields; it does not mean the action accepts no input."
form action,createProject,/app/[section],apps/portal/src/routes/app/[section]/section-actions.ts:62,apps/portal/src/lib/server/actions/project-actions.ts:1070,project-create,/app/projects?action=new-project#new-project,"Canonical Owner, Other Owner, Finance Admin",projects workspace,Exact existing form/surface or selected configuration section; record scope and permission may still be required,if (params.section !== 'projects'),initialProjectPeopleSchema; creationDefaultsSchema; creationAssignmentsSchema; projectInputSchema,"[""initialWorkerId"", ""initialWorkersStartOn""]","Task visibility is a navigation projection, not proof of authorization. Live session, object scope, assignment/delegation, source ownership, state/version and repository guards remain authoritative."
form action,updateClient,/app/[section],apps/portal/src/routes/app/[section]/section-actions.ts:63,apps/portal/src/lib/server/actions/project-actions.ts:1718,client-edit,/app/projects?view=clients&action=update-client,"Canonical Owner, Other Owner, Finance Admin",projects workspace,Register/workspace context; locate the existing control in this workspace,if (params.section !== 'projects'),clientUpdateInputSchema,[],"Task visibility is a navigation projection, not proof of authorization. Live session, object scope, assignment/delegation, source ownership, state/version and repository guards remain authoritative. Empty extracted_fields means the extractor did not resolve formObject/FormData or schema fields; it does not mean the action accepts no input."
form action,transitionClient,/app/[section],apps/portal/src/routes/app/[section]/section-actions.ts:64,apps/portal/src/lib/server/actions/project-actions.ts:1760,client-lifecycle,/app/projects?view=clients#client-directory-list,"Canonical Owner, Other Owner, Finance Admin",projects workspace,Register/workspace context; locate the existing control in this workspace,if (params.section !== 'projects'),,"[""clientId"", ""status"", ""version"", ""reason""]","Task visibility is a navigation projection, not proof of authorization. Live session, object scope, assignment/delegation, source ownership, state/version and repository guards remain authoritative."
form action,updateProject,/app/[section],apps/portal/src/routes/app/[section]/section-actions.ts:65,apps/portal/src/lib/server/actions/project-actions.ts:939,project-edit,/app/projects#project-register,"Canonical Owner, Other Owner",projects workspace,Selected record/menu context; locate the existing state-dependent control,if (params.section !== 'projects'),,"[""timezone"", ""projectId"", ""version"", ""costCenterCode"", ""name"", ""poNumber"", ""description"", ""projectAlias"", ""billingModel"", ""siteName"", ""country"", ""projectManagerId"", ""contractNumber"", ""startDate"", ""plannedEndDate"", ""budgetType"", ""weeklyCloseEnabled"", ""dailyReportRequired"", ""technicalReportingRequired"", ""notes""]","Task visibility is a navigation projection, not proof of authorization. Live session, object scope, assignment/delegation, source ownership, state/version and repository guards remain authoritative."
form action,transitionProject,/app/[section],apps/portal/src/routes/app/[section]/section-actions.ts:66,apps/portal/src/lib/server/actions/project-actions.ts:1829,project-status,/app/projects#project-register,"Canonical Owner, Other Owner, Finance Admin",projects workspace,Selected record/menu context; locate the existing state-dependent control,if (params.section !== 'projects'),,"[""projectId"", ""status"", ""version"", ""reason""]","Task visibility is a navigation projection, not proof of authorization. Live session, object scope, assignment/delegation, source ownership, state/version and repository guards remain authoritative."
form action,archiveClient,/app/[section],apps/portal/src/routes/app/[section]/section-actions.ts:67,apps/portal/src/lib/server/actions/project-actions.ts:1918,client-lifecycle,/app/projects?view=clients#client-directory-list,"Canonical Owner, Other Owner, Finance Admin",projects workspace,Register/workspace context; locate the existing control in this workspace,if (params.section !== 'projects'),,"[""clientId"", ""version"", ""reason""]","Task visibility is a navigation projection, not proof of authorization. Live session, object scope, assignment/delegation, source ownership, state/version and repository guards remain authoritative."
form action,deleteClient,/app/[section],apps/portal/src/routes/app/[section]/section-actions.ts:68,apps/portal/src/lib/server/actions/project-actions.ts:1974,client-lifecycle,/app/projects?view=clients#client-directory-list,"Canonical Owner, Other Owner, Finance Admin",projects workspace,Register/workspace context; locate the existing control in this workspace,if (params.section !== 'projects'),,"[""clientId""]","Task visibility is a navigation projection, not proof of authorization. Live session, object scope, assignment/delegation, source ownership, state/version and repository guards remain authoritative."
form action,deleteProject,/app/[section],apps/portal/src/routes/app/[section]/section-actions.ts:69,apps/portal/src/lib/server/actions/project-actions.ts:2005,project-delete,/app/projects#project-register,"Canonical Owner, Other Owner, Finance Admin",projects workspace,Selected record/menu context; locate the existing state-dependent control,if (params.section !== 'projects'),,"[""projectId""]","Task visibility is a navigation projection, not proof of authorization. Live session, object scope, assignment/delegation, source ownership, state/version and repository guards remain authoritative."
form action,updateClientContact,/app/[section],apps/portal/src/routes/app/[section]/section-actions.ts:70,apps/portal/src/lib/server/actions/project-actions.ts:2036,client-contacts,/app/projects#client-contact-create,"Canonical Owner, Other Owner, Finance Admin",projects workspace,Register/workspace context; locate the existing control in this workspace,if (params.section !== 'projects') if (formData.has('role')) input.role = formData.get('role')?.toString();,,"[""contactId"", ""name"", ""email"", ""phone"", ""role"", ""isBillingContact"", ""isPrimary""]","Task visibility is a navigation projection, not proof of authorization. Live session, object scope, assignment/delegation, source ownership, state/version and repository guards remain authoritative."
form action,deleteClientContact,/app/[section],apps/portal/src/routes/app/[section]/section-actions.ts:71,apps/portal/src/lib/server/actions/project-actions.ts:2077,client-contacts,/app/projects#client-contact-create,"Canonical Owner, Other Owner, Finance Admin",projects workspace,Register/workspace context; locate the existing control in this workspace,if (params.section !== 'projects'),,"[""contactId""]","Task visibility is a navigation projection, not proof of authorization. Live session, object scope, assignment/delegation, source ownership, state/version and repository guards remain authoritative."
form action,updateAssignment,/app/[section],apps/portal/src/routes/app/[section]/section-actions.ts:72,apps/portal/src/lib/server/actions/project-actions.ts:2107,project-assignment-edit; project-pm-assignment-edit,/app/projects?action=update-assignment,"Canonical Owner, Other Owner; Project Manager",projects workspace,Exact existing form/surface or selected configuration section; record scope and permission may still be required,if (params.section !== 'projects') canReview?: boolean; if (formData.has('canReviewPresent') || formData.has('canReview')) input.canReview = formData.get('canReview')?.toString() === 'on'; context.principal.role === 'owner_admin',,"[""assignmentId"", ""version"", ""startsOn"", ""endsOn"", ""plannedMinutes"", ""canReview""]","Task visibility is a navigation projection, not proof of authorization. Live session, object scope, assignment/delegation, source ownership, state/version and repository guards remain authoritative."
form action,removeAssignment,/app/[section],apps/portal/src/routes/app/[section]/section-actions.ts:73,apps/portal/src/lib/server/actions/project-actions.ts:2236,project-assignment-remove; project-pm-assignment-remove,/app/projects?action=remove-assignment,"Canonical Owner, Other Owner; Project Manager",projects workspace,Exact existing form/surface or selected configuration section; record scope and permission may still be required,if (params.section !== 'projects'),,"[""assignmentId"", ""version"", ""reason"", ""endsOn""]","Task visibility is a navigation projection, not proof of authorization. Live session, object scope, assignment/delegation, source ownership, state/version and repository guards remain authoritative."
form action,deleteAssignment,/app/[section],apps/portal/src/routes/app/[section]/section-actions.ts:74,apps/portal/src/lib/server/actions/project-actions.ts:2291,project-assignment-remove,/app/projects?action=remove-assignment,"Canonical Owner, Other Owner",projects workspace,Selected record/menu context; locate the existing state-dependent control,if (params.section !== 'projects'),,"[""assignmentId"", ""version"", ""reason"", ""endsOn""]","Task visibility is a navigation projection, not proof of authorization. Live session, object scope, assignment/delegation, source ownership, state/version and repository guards remain authoritative."
form action,createMilestone,/app/[section],apps/portal/src/routes/app/[section]/section-actions.ts:75,apps/portal/src/lib/server/actions/project-actions.ts:1340,project-milestones,/app/projects#project-milestone-create,"Canonical Owner, Other Owner",projects workspace,Exact existing form/surface or selected configuration section; record scope and permission may still be required,if (params.section !== 'projects'),milestoneInputSchema,[],"Task visibility is a navigation projection, not proof of authorization. Live session, object scope, assignment/delegation, source ownership, state/version and repository guards remain authoritative. Empty extracted_fields means the extractor did not resolve formObject/FormData or schema fields; it does not mean the action accepts no input."
form action,submitMilestone,/app/[section],apps/portal/src/routes/app/[section]/section-actions.ts:76,apps/portal/src/lib/server/actions/project-actions.ts:1364,project-milestones,/app/projects#project-milestone-create,"Canonical Owner, Other Owner",projects workspace,Selected record/menu context; locate the existing state-dependent control,if (params.section !== 'projects'),versionedRecordSchema,[],"Task visibility is a navigation projection, not proof of authorization. Live session, object scope, assignment/delegation, source ownership, state/version and repository guards remain authoritative. Empty extracted_fields means the extractor did not resolve formObject/FormData or schema fields; it does not mean the action accepts no input."
form action,updateSchedule,/app/[section],apps/portal/src/routes/app/[section]/section-actions.ts:77,apps/portal/src/lib/server/actions/project-actions.ts:1397,project-schedule,/app/projects#project-schedule-update,"Canonical Owner, Other Owner",projects workspace,Exact existing form/surface or selected configuration section; record scope and permission may still be required,"if (params.section !== 'projects') knownProjectFailure(error, { ...extras, role: context.principal.role }) ??",scheduleInputSchema,[],"Task visibility is a navigation projection, not proof of authorization. Live session, object scope, assignment/delegation, source ownership, state/version and repository guards remain authoritative. Empty extracted_fields means the extractor did not resolve formObject/FormData or schema fields; it does not mean the action accepts no input."
form action,assignWorker,/app/[section],apps/portal/src/routes/app/[section]/section-actions.ts:78,apps/portal/src/lib/server/actions/project-actions.ts:1432,project-assign; project-pm-assign,/app/projects?action=assign-worker,"Canonical Owner, Other Owner; Project Manager",projects workspace,Exact existing form/surface or selected configuration section; record scope and permission may still be required,if (params.section !== 'projects') context.principal.role === 'owner_admin' if (context.principal.role !== 'owner_admin') { context.principal.role === 'owner_admin' context.principal.role === 'owner_admin' context.principal.role === 'owner_admin',assignmentInputSchema,[],"Task visibility is a navigation projection, not proof of authorization. Live session, object scope, assignment/delegation, source ownership, state/version and repository guards remain authoritative. Empty extracted_fields means the extractor did not resolve formObject/FormData or schema fields; it does not mean the action accepts no input."
form action,createLocalPortalUser,/app/[section],apps/portal/src/routes/app/[section]/section-actions.ts:79,apps/portal/src/lib/server/actions/access-actions.ts:994,team-create,/app/projects?view=team&directory=specialists&assistantPane=team-create#assistant-team-create,Canonical Owner,projects workspace,Exact existing form/surface or selected configuration section; record scope and permission may still be required,"if (params.section !== 'projects') const accessRole = typeof object.role === 'string' ? object.role : ''; 'role', const roleMap = { worker: { role: 'worker' as const }, project_manager: { role: 'project_manager' as const }, finance_admin: { role: 'finance_admin' as const }, auditor_read_only: { role: 'auditor_read_only' as const }, role: 'worker' as const, role: 'worker' as const, const mapped = roleMap[accessRole as keyof typeof roleMap]; return actionFail(400, 'problem.access.localRoleInvalid', {}, 'Choose a valid access role.', { fieldErrors: { role: ['Choose a valid access role.'] }, 'Select a supplier for this access role.', if (context.principal.role !== 'owner_admin') role: mapped.role, { userId: created.userId, role: accessRole },",,[],"Task visibility is a navigation projection, not proof of authorization. Live session, object scope, assignment/delegation, source ownership, state/version and repository guards remain authoritative. Canonical owner required for the corresponding team/mailbox UI. Empty extracted_fields means the extractor did not resolve formObject/FormData or schema fields; it does not mean the action accepts no input."
form action,createInvitation,/app/[section],apps/portal/src/routes/app/[section]/section-actions.ts:80,apps/portal/src/lib/server/actions/access-actions.ts:1145,team-invite,/app/projects?view=team&directory=specialists&assistantPane=team-invite#team-create-user-form,Canonical Owner,projects workspace,Exact existing form/surface or selected configuration section; record scope and permission may still be required,"if (params.section !== 'projects') role: String(object.role ?? ''), role: 'problem.access.invitationRoleInvalid',",invitationInputSchema,[],"Task visibility is a navigation projection, not proof of authorization. Live session, object scope, assignment/delegation, source ownership, state/version and repository guards remain authoritative. Canonical owner required for the corresponding team/mailbox UI. Empty extracted_fields means the extractor did not resolve formObject/FormData or schema fields; it does not mean the action accepts no input."
form action,provisionMailboxUsers,/app/[section],apps/portal/src/routes/app/[section]/section-actions.ts:81,apps/portal/src/lib/server/actions/access-actions.ts:1419,mailbox-provision,/app/projects?view=team&directory=mailboxes#team-panel-mailboxes,Canonical Owner,projects workspace,Register/workspace context; locate the existing control in this workspace,"if (params.section !== 'projects') const role = String(form.get('role') ?? 'worker'); const values = { role, emails: emails.join(',') }; if (!['worker', 'project_manager', 'finance_admin'].includes(role)) { role: ['problem.access.mailboxRoleInvalid'] }, role: role as 'worker' | 'project_manager' | 'finance_admin',",,"[""role"", ""emails""]","Task visibility is a navigation projection, not proof of authorization. Live session, object scope, assignment/delegation, source ownership, state/version and repository guards remain authoritative. Canonical owner required for the corresponding team/mailbox UI."
form action,createMailboxAccount,/app/[section],apps/portal/src/routes/app/[section]/section-actions.ts:82,apps/portal/src/lib/server/actions/access-actions.ts:1471,mailbox-create,/app/projects?view=team&directory=mailboxes&assistantPane=mailbox-create#create-mailbox-sheet-form,Canonical Owner,projects workspace,Exact existing form/surface or selected configuration section; record scope and permission may still be required,if (params.section !== 'projects'),,"[""username"", ""name"", ""password"", ""quotaMb"", ""idempotencyKey"", ""provisionRole""]","Task visibility is a navigation projection, not proof of authorization. Live session, object scope, assignment/delegation, source ownership, state/version and repository guards remain authoritative. Canonical owner required for the corresponding team/mailbox UI."
form action,bootstrapMailboxUsers,/app/[section],apps/portal/src/routes/app/[section]/section-actions.ts:83,apps/portal/src/lib/server/actions/access-actions.ts:1549,mailbox-provision,/app/projects?view=team&directory=mailboxes#team-panel-mailboxes,Canonical Owner,projects workspace,Register/workspace context; locate the existing control in this workspace,if (event.params.section !== 'projects'),,[],"Task visibility is a navigation projection, not proof of authorization. Live session, object scope, assignment/delegation, source ownership, state/version and repository guards remain authoritative. Canonical owner required for the corresponding team/mailbox UI. Empty extracted_fields means the extractor did not resolve formObject/FormData or schema fields; it does not mean the action accepts no input."
form action,changeMailboxRole,/app/[section],apps/portal/src/routes/app/[section]/section-actions.ts:84,apps/portal/src/lib/server/actions/access-actions.ts:1570,mailbox-role,/app/projects?view=team&directory=mailboxes#team-panel-mailboxes,Canonical Owner,projects workspace,Register/workspace context; locate the existing control in this workspace,"if (event.params.section !== 'projects') const role = String(form.get('role') ?? ''); const values = { portalUserId: userId, email, role, reason, confirmation }; const roleAllowed = ['worker', 'project_manager', 'finance_admin'].includes(role); if (!uuidSchema.safeParse(userId).success || confirmation !== email || !reason || !roleAllowed) 'problem.access.roleChangeFieldsInvalid', 'Select a user and role, enter a reason, and confirm the current email before changing access.', ...(!roleAllowed ? { role: ['Please select an option.'] } : {}), role as 'worker' | 'project_manager' | 'finance_admin', return actionSuccess('action.access.workerProfile.updated', { role }, 'Portal role updated.');",uuidSchema,"[""portalUserId"", ""email"", ""role"", ""reason"", ""confirmation""]","Task visibility is a navigation projection, not proof of authorization. Live session, object scope, assignment/delegation, source ownership, state/version and repository guards remain authoritative. Canonical owner required for the corresponding team/mailbox UI."
form action,deprovisionMailboxUser,/app/[section],apps/portal/src/routes/app/[section]/section-actions.ts:85,apps/portal/src/lib/server/actions/access-actions.ts:1637,mailbox-remove,/app/projects?view=team&directory=mailboxes#team-panel-mailboxes,Canonical Owner,projects workspace,Register/workspace context; locate the existing control in this workspace,if (event.params.section !== 'projects'),uuidSchema,"[""portalUserId"", ""email"", ""reason"", ""confirmation""]","Task visibility is a navigation projection, not proof of authorization. Live session, object scope, assignment/delegation, source ownership, state/version and repository guards remain authoritative. Canonical owner required for the corresponding team/mailbox UI."
form action,updateMailboxPassword,/app/[section],apps/portal/src/routes/app/[section]/section-actions.ts:86,apps/portal/src/lib/server/actions/access-actions.ts:1704,mailbox-password,/app/projects?view=team&directory=mailboxes#team-panel-mailboxes,Canonical Owner,projects workspace,Register/workspace context; locate the existing control in this workspace,if (event.params.section !== 'projects'),,"[""stalwartAccountId"", ""password"", ""reason"", ""email"", ""confirmation"", ""idempotencyKey""]","Task visibility is a navigation projection, not proof of authorization. Live session, object scope, assignment/delegation, source ownership, state/version and repository guards remain authoritative. Canonical owner required for the corresponding team/mailbox UI."
form action,destroyMailboxAccount,/app/[section],apps/portal/src/routes/app/[section]/section-actions.ts:87,apps/portal/src/lib/server/actions/access-actions.ts:1772,mailbox-remove,/app/projects?view=team&directory=mailboxes#team-panel-mailboxes,Canonical Owner,projects workspace,Register/workspace context; locate the existing control in this workspace,if (event.params.section !== 'projects'),,"[""stalwartAccountId"", ""email"", ""confirmation"", ""reason"", ""idempotencyKey""]","Task visibility is a navigation projection, not proof of authorization. Live session, object scope, assignment/delegation, source ownership, state/version and repository guards remain authoritative. Canonical owner required for the corresponding team/mailbox UI."
form action,updateUserStatus,/app/[section],apps/portal/src/routes/app/[section]/section-actions.ts:88,apps/portal/src/lib/server/actions/access-actions.ts:1207,team-status,/app/projects?view=team&directory=specialists#team-panel-specialists,Canonical Owner,projects workspace,Register/workspace context; locate the existing control in this workspace,if (params.section !== 'projects') if (context.principal.role !== 'owner_admin'),uuidSchema,[],"Task visibility is a navigation projection, not proof of authorization. Live session, object scope, assignment/delegation, source ownership, state/version and repository guards remain authoritative. Canonical owner required for the corresponding team/mailbox UI. Empty extracted_fields means the extractor did not resolve formObject/FormData or schema fields; it does not mean the action accepts no input."
form action,updateWorkerProfile,/app/[section],apps/portal/src/routes/app/[section]/section-actions.ts:89,apps/portal/src/lib/server/actions/access-actions.ts:1298,team-profile,/app/projects?view=team&directory=specialists#team-panel-specialists,Canonical Owner,projects workspace,Register/workspace context; locate the existing control in this workspace,"if (params.section !== 'projects') const role = typeof object.role === 'string' ? object.role : ''; role: role.slice(0, 100), if (!parsedId.success || !name.trim() || !email.trim() || !role) 'Complete the person’s name, email and role before saving.', ...(!role ? { role: ['problem.access.roleRequired'] } : {}), .prepare('SELECT email,role FROM user WHERE id=?') .get(workerId) as { email: string; role: string } | undefined; if ((canonical && role !== 'owner_admin') || (!canonical && role === 'owner_admin')) role,",uuidSchema,[],"Task visibility is a navigation projection, not proof of authorization. Live session, object scope, assignment/delegation, source ownership, state/version and repository guards remain authoritative. Canonical owner required for the corresponding team/mailbox UI. Empty extracted_fields means the extractor did not resolve formObject/FormData or schema fields; it does not mean the action accepts no input."
form action,updateSkill,/app/[section],apps/portal/src/routes/app/[section]/section-actions.ts:90,apps/portal/src/lib/server/actions/operations-actions.ts:2764,planning-skills,/app/planning#planning-skills,"Canonical Owner, Other Owner",planning workspace,Register/workspace context; locate the existing control in this workspace,if (params.section !== 'planning'),,"[""skillId"", ""name""]","Task visibility is a navigation projection, not proof of authorization. Live session, object scope, assignment/delegation, source ownership, state/version and repository guards remain authoritative."
form action,deleteSkill,/app/[section],apps/portal/src/routes/app/[section]/section-actions.ts:91,apps/portal/src/lib/server/actions/operations-actions.ts:2796,planning-skills,/app/planning#planning-skills,"Canonical Owner, Other Owner",planning workspace,Register/workspace context; locate the existing control in this workspace,if (params.section !== 'planning'),,"[""skillId""]","Task visibility is a navigation projection, not proof of authorization. Live session, object scope, assignment/delegation, source ownership, state/version and repository guards remain authoritative."
form action,deleteWorkerSkill,/app/[section],apps/portal/src/routes/app/[section]/section-actions.ts:92,apps/portal/src/lib/server/actions/operations-actions.ts:2824,planning-skills; profile-skills,/app/planning#planning-skills; /app/profile#profile-skills,"Canonical Owner, Other Owner; Canonical Owner, Other Owner, Project Manager, Worker",planning workspace,Register/workspace context; locate the existing control in this workspace,if (params.section !== 'planning' && params.section !== 'profile'),,"[""workerId"", ""skillId""]","Task visibility is a navigation projection, not proof of authorization. Live session, object scope, assignment/delegation, source ownership, state/version and repository guards remain authoritative."
form action,createTime,/app/[section],apps/portal/src/routes/app/[section]/section-actions.ts:93,apps/portal/src/lib/server/actions/time-actions.ts:778,time-create,/app/time?action=log-time,"Canonical Owner, Other Owner, Project Manager, Worker, Supplier Coordinator, External Technician",time workspace,Exact existing form/surface or selected configuration section; record scope and permission may still be required,if (params.section !== 'time') if (context.principal.role === 'auditor_read_only') throw new AccessDeniedError('Read-only role');,timeInputSchema; expenseInputSchema,[],"Task visibility is a navigation projection, not proof of authorization. Live session, object scope, assignment/delegation, source ownership, state/version and repository guards remain authoritative. Empty extracted_fields means the extractor did not resolve formObject/FormData or schema fields; it does not mean the action accepts no input."
form action,createTimeBatch,/app/[section],apps/portal/src/routes/app/[section]/section-actions.ts:94,apps/portal/src/lib/server/actions/time-actions.ts:633,supplier-time; time-batch,/app/supplier?workspaceAction=time#supplier-workspace; /app/time?batch=1#time-owner-batch-title,"Canonical Owner, Other Owner, Supplier Coordinator; Canonical Owner, Other Owner",time workspace,Register/workspace context; locate the existing control in this workspace,if (params.section !== 'time') if (context.principal.role !== 'owner_admin'),timeInputSchema,[],"Task visibility is a navigation projection, not proof of authorization. Live session, object scope, assignment/delegation, source ownership, state/version and repository guards remain authoritative. Empty extracted_fields means the extractor did not resolve formObject/FormData or schema fields; it does not mean the action accepts no input."
form action,copyTimeLayout,/app/[section],apps/portal/src/routes/app/[section]/section-actions.ts:95,apps/portal/src/lib/server/actions/time-actions.ts:955,crew-hours,/app/crew#crew-date,Worker,time workspace,Register/workspace context; locate the existing control in this workspace,if (params.section !== 'time'),,[],"Task visibility is a navigation projection, not proof of authorization. Live session, object scope, assignment/delegation, source ownership, state/version and repository guards remain authoritative. Empty extracted_fields means the extractor did not resolve formObject/FormData or schema fields; it does not mean the action accepts no input."
form action,updateTime,/app/[section],apps/portal/src/routes/app/[section]/section-actions.ts:96,apps/portal/src/lib/server/actions/time-actions.ts:1006,time-edit,/app/time#time-records,"Canonical Owner, Other Owner, Project Manager, Worker, Supplier Coordinator, External Technician",time workspace,Selected record/menu context; locate the existing state-dependent control,if (params.section !== 'time'),,[],"Task visibility is a navigation projection, not proof of authorization. Live session, object scope, assignment/delegation, source ownership, state/version and repository guards remain authoritative. Empty extracted_fields means the extractor did not resolve formObject/FormData or schema fields; it does not mean the action accepts no input."
form action,submitTime,/app/[section],apps/portal/src/routes/app/[section]/section-actions.ts:97,apps/portal/src/lib/server/actions/time-actions.ts:1039,time-submit,/app/time#time-records,"Canonical Owner, Other Owner, Project Manager, Worker, Supplier Coordinator, External Technician",time workspace,Register/workspace context; locate the existing control in this workspace,if (params.section !== 'time'),versionedRecordSchema,[],"Task visibility is a navigation projection, not proof of authorization. Live session, object scope, assignment/delegation, source ownership, state/version and repository guards remain authoritative. Empty extracted_fields means the extractor did not resolve formObject/FormData or schema fields; it does not mean the action accepts no input."
form action,submitTimeWeek,/app/[section],apps/portal/src/routes/app/[section]/section-actions.ts:98,apps/portal/src/lib/server/actions/time-actions.ts:1064,supplier-report; time-batch,/app/supplier?workspaceAction=report#supplier-workspace; /app/time?batch=1#time-owner-batch-title,"Canonical Owner, Other Owner, Supplier Coordinator; Canonical Owner, Other Owner",time workspace,Register/workspace context; locate the existing control in this workspace,if (params.section !== 'time'),,[],"Task visibility is a navigation projection, not proof of authorization. Live session, object scope, assignment/delegation, source ownership, state/version and repository guards remain authoritative. Empty extracted_fields means the extractor did not resolve formObject/FormData or schema fields; it does not mean the action accepts no input."
form action,deleteTime,/app/[section],apps/portal/src/routes/app/[section]/section-actions.ts:99,apps/portal/src/lib/server/actions/time-actions.ts:1132,time-discard,/app/time#time-records,"Canonical Owner, Other Owner, Project Manager, Worker, Supplier Coordinator, External Technician",approvals workspace,Register/workspace context; locate the existing control in this workspace,if (params.section !== 'time' && params.section !== 'approvals'),versionedRecordSchema,[],"Task visibility is a navigation projection, not proof of authorization. Live session, object scope, assignment/delegation, source ownership, state/version and repository guards remain authoritative. Empty extracted_fields means the extractor did not resolve formObject/FormData or schema fields; it does not mean the action accepts no input."
form action,createExpense,/app/[section],apps/portal/src/routes/app/[section]/section-actions.ts:100,apps/portal/src/lib/server/actions/expense-actions.ts:1151,expense-create,/app/expenses?action=record-expense,"Canonical Owner, Other Owner, Project Manager, Worker, Supplier Coordinator, External Technician",expenses workspace,Exact existing form/surface or selected configuration section; record scope and permission may still be required,if (params.section !== 'expenses') if (context.principal.role === 'auditor_read_only') throw new AccessDeniedError('Read-only role');,expenseInputSchema,[],"Task visibility is a navigation projection, not proof of authorization. Live session, object scope, assignment/delegation, source ownership, state/version and repository guards remain authoritative. Empty extracted_fields means the extractor did not resolve formObject/FormData or schema fields; it does not mean the action accepts no input."
form action,createExpenseWeek,/app/[section],apps/portal/src/routes/app/[section]/section-actions.ts:101,apps/portal/src/lib/server/actions/expense-actions.ts:955,expense-week,/app/expenses#expense-records,"Canonical Owner, Other Owner, Project Manager, Worker, Supplier Coordinator, External Technician",expenses workspace,Register/workspace context; locate the existing control in this workspace,if (params.section !== 'expenses') if (context.principal.role === 'auditor_read_only') throw new AccessDeniedError('Read-only role'); if (context.principal.role !== 'owner_admin' && workerId !== context.principal.userId),expenseInputSchema,[],"Task visibility is a navigation projection, not proof of authorization. Live session, object scope, assignment/delegation, source ownership, state/version and repository guards remain authoritative. Empty extracted_fields means the extractor did not resolve formObject/FormData or schema fields; it does not mean the action accepts no input."
form action,submitExpenseWeek,/app/[section],apps/portal/src/routes/app/[section]/section-actions.ts:102,apps/portal/src/lib/server/actions/expense-actions.ts:822,expense-week,/app/expenses#expense-records,"Canonical Owner, Other Owner, Project Manager, Worker, Supplier Coordinator, External Technician",expenses workspace,Register/workspace context; locate the existing control in this workspace,if (params.section !== 'expenses') if (context.principal.role === 'auditor_read_only') throw new AccessDeniedError('Read-only role'); if (context.principal.role !== 'owner_admin' && workerId !== context.principal.userId),,[],"Task visibility is a navigation projection, not proof of authorization. Live session, object scope, assignment/delegation, source ownership, state/version and repository guards remain authoritative. Empty extracted_fields means the extractor did not resolve formObject/FormData or schema fields; it does not mean the action accepts no input."
form action,updateExpense,/app/[section],apps/portal/src/routes/app/[section]/section-actions.ts:103,apps/portal/src/lib/server/actions/expense-actions.ts:1277,expense-edit,/app/expenses#expense-records,"Canonical Owner, Other Owner, Project Manager, Worker, Supplier Coordinator, External Technician",expenses workspace,Selected record/menu context; locate the existing state-dependent control,if (params.section !== 'expenses') context.principal.role !== 'owner_admin' && context.principal.role !== 'worker',,[],"Task visibility is a navigation projection, not proof of authorization. Live session, object scope, assignment/delegation, source ownership, state/version and repository guards remain authoritative. Empty extracted_fields means the extractor did not resolve formObject/FormData or schema fields; it does not mean the action accepts no input."
form action,uploadPrivateDocument,/app/[section],apps/portal/src/routes/app/[section]/section-actions.ts:104,apps/portal/src/lib/server/actions/document-actions.ts:163,documents-upload,/app/documents#document-upload,"Canonical Owner, Other Owner, Finance Admin, Project Manager",documents workspace,Register/workspace context; locate the existing control in this workspace,"if (params.section !== 'documents') !['owner_admin', 'finance_admin'].includes(context.principal.role)",,[],"Task visibility is a navigation projection, not proof of authorization. Live session, object scope, assignment/delegation, source ownership, state/version and repository guards remain authoritative. Empty extracted_fields means the extractor did not resolve formObject/FormData or schema fields; it does not mean the action accepts no input."
form action,submitExpense,/app/[section],apps/portal/src/routes/app/[section]/section-actions.ts:105,apps/portal/src/lib/server/actions/expense-actions.ts:1319,expense-submit,/app/expenses#expense-records,"Canonical Owner, Other Owner, Project Manager, Worker, Supplier Coordinator, External Technician",expenses workspace,Register/workspace context; locate the existing control in this workspace,if (params.section !== 'expenses'),versionedRecordSchema,[],"Task visibility is a navigation projection, not proof of authorization. Live session, object scope, assignment/delegation, source ownership, state/version and repository guards remain authoritative. Empty extracted_fields means the extractor did not resolve formObject/FormData or schema fields; it does not mean the action accepts no input."
form action,withdrawCrewExpenseDraft,/app/[section],apps/portal/src/routes/app/[section]/section-actions.ts:106,apps/portal/src/lib/server/actions/expense-actions.ts:1344,crew-expenses,/app/crew#crew-project,Worker,expenses workspace,Register/workspace context; locate the existing control in this workspace,if (params.section !== 'expenses'),,[],"Task visibility is a navigation projection, not proof of authorization. Live session, object scope, assignment/delegation, source ownership, state/version and repository guards remain authoritative. Empty extracted_fields means the extractor did not resolve formObject/FormData or schema fields; it does not mean the action accepts no input."
form action,deleteExpense,/app/[section],apps/portal/src/routes/app/[section]/section-actions.ts:107,apps/portal/src/lib/server/actions/expense-actions.ts:1431,expense-discard,/app/expenses#expense-records,"Canonical Owner, Other Owner, Project Manager, Worker, Supplier Coordinator, External Technician",approvals workspace,Register/workspace context; locate the existing control in this workspace,if (params.section !== 'expenses' && params.section !== 'approvals'),versionedRecordSchema,[],"Task visibility is a navigation projection, not proof of authorization. Live session, object scope, assignment/delegation, source ownership, state/version and repository guards remain authoritative. Empty extracted_fields means the extractor did not resolve formObject/FormData or schema fields; it does not mean the action accepts no input."
form action,approveRecord,/app/[section],apps/portal/src/routes/app/[section]/section-actions.ts:108,apps/portal/src/lib/server/actions/approval-actions.ts:213,approval-time; approval-expenses,/app/approvals?tab=time#approval-queue; /app/approvals?tab=expenses#approval-queue,"Canonical Owner, Other Owner, Finance Admin, Project Manager",approvals workspace,Register/workspace context; locate the existing control in this workspace,if (params.section !== 'approvals'),approvalDecisionSchema,[],"Task visibility is a navigation projection, not proof of authorization. Live session, object scope, assignment/delegation, source ownership, state/version and repository guards remain authoritative. Empty extracted_fields means the extractor did not resolve formObject/FormData or schema fields; it does not mean the action accepts no input."
form action,financeApprove,/app/[section],apps/portal/src/routes/app/[section]/section-actions.ts:109,apps/portal/src/lib/server/actions/approval-actions.ts:290,approval-finance,/app/approvals?tab=time#approval-queue,"Canonical Owner, Other Owner, Finance Admin",approvals workspace,Register/workspace context; locate the existing control in this workspace,"if (params.section !== 'approvals') if (!['owner_admin', 'finance_admin'].includes(context.principal.role)) 'problem.finance.roleRequired', if (!['owner_admin', 'finance_admin'].includes(context.principal.role)) 'problem.finance.roleRequired',",financeDecisionSchema,[],"Task visibility is a navigation projection, not proof of authorization. Live session, object scope, assignment/delegation, source ownership, state/version and repository guards remain authoritative. Empty extracted_fields means the extractor did not resolve formObject/FormData or schema fields; it does not mean the action accepts no input."
form action,classifyExpenseCommercially,/app/[section],apps/portal/src/routes/app/[section]/section-actions.ts:110,apps/portal/src/lib/server/actions/finance-actions.ts:1901,finance-reimbursement,/app/finance?view=economic&source=expenses#finance-source-records,"Canonical Owner, Other Owner, Finance Admin",finance workspace,Register/workspace context; locate the existing control in this workspace,"if (params.section !== 'finance') if (!['owner_admin', 'finance_admin'].includes(context.principal.role)) 'problem.finance.roleRequired',",expenseCommercialClassificationInputSchema,[],"Task visibility is a navigation projection, not proof of authorization. Live session, object scope, assignment/delegation, source ownership, state/version and repository guards remain authoritative. Empty extracted_fields means the extractor did not resolve formObject/FormData or schema fields; it does not mean the action accepts no input."
form action,setAssignmentCommercialFallback,/app/[section],apps/portal/src/routes/app/[section]/section-actions.ts:111,apps/portal/src/lib/server/actions/finance-actions.ts:1694,project-person-defaults,/app/projects#project-register,"Canonical Owner, Other Owner, Finance Admin",finance workspace,Selected record/menu context; locate the existing state-dependent control,if (params.section !== 'finance'),assignmentCommercialFallbackForm,[],"Task visibility is a navigation projection, not proof of authorization. Live session, object scope, assignment/delegation, source ownership, state/version and repository guards remain authoritative. Empty extracted_fields means the extractor did not resolve formObject/FormData or schema fields; it does not mean the action accepts no input."
form action,setAssignmentCommercialRuleReferences,/app/[section],apps/portal/src/routes/app/[section]/section-actions.ts:112,apps/portal/src/lib/server/actions/finance-actions.ts:1733,project-person-defaults,/app/projects#project-register,"Canonical Owner, Other Owner, Finance Admin",finance workspace,Selected record/menu context; locate the existing state-dependent control,if (params.section !== 'finance'),assignmentCommercialReferencesForm,[],"Task visibility is a navigation projection, not proof of authorization. Live session, object scope, assignment/delegation, source ownership, state/version and repository guards remain authoritative. Empty extracted_fields means the extractor did not resolve formObject/FormData or schema fields; it does not mean the action accepts no input."
form action,createAssignmentExpensePolicy,/app/[section],apps/portal/src/routes/app/[section]/section-actions.ts:113,apps/portal/src/lib/server/actions/finance-actions.ts:1645,finance-expense-policies,/app/finance?view=commercial&task=Person%20expense%20policies,"Canonical Owner, Other Owner, Finance Admin",finance workspace,Exact existing form/surface or selected configuration section; record scope and permission may still be required,if (params.section !== 'finance'),assignmentExpensePolicyForm,[],"Task visibility is a navigation projection, not proof of authorization. Live session, object scope, assignment/delegation, source ownership, state/version and repository guards remain authoritative. Empty extracted_fields means the extractor did not resolve formObject/FormData or schema fields; it does not mean the action accepts no input."
form action,setProjectReimbursementDefault,/app/[section],apps/portal/src/routes/app/[section]/section-actions.ts:114,apps/portal/src/lib/server/actions/finance-actions.ts:1550,finance-expense-policies,/app/finance?view=commercial&task=Person%20expense%20policies,"Canonical Owner, Other Owner, Finance Admin",finance workspace,Exact existing form/surface or selected configuration section; record scope and permission may still be required,if (params.section !== 'finance'),projectReimbursementForm,[],"Task visibility is a navigation projection, not proof of authorization. Live session, object scope, assignment/delegation, source ownership, state/version and repository guards remain authoritative. Empty extracted_fields means the extractor did not resolve formObject/FormData or schema fields; it does not mean the action accepts no input."
form action,setWorkerReimbursementOverride,/app/[section],apps/portal/src/routes/app/[section]/section-actions.ts:115,apps/portal/src/lib/server/actions/finance-actions.ts:1593,finance-expense-policies,/app/finance?view=commercial&task=Person%20expense%20policies,"Canonical Owner, Other Owner, Finance Admin",finance workspace,Exact existing form/surface or selected configuration section; record scope and permission may still be required,if (params.section !== 'finance'),workerReimbursementForm,[],"Task visibility is a navigation projection, not proof of authorization. Live session, object scope, assignment/delegation, source ownership, state/version and repository guards remain authoritative. Empty extracted_fields means the extractor did not resolve formObject/FormData or schema fields; it does not mean the action accepts no input."
form action,createCanonicalLegalEntityRevision,/app/[section],apps/portal/src/routes/app/[section]/section-actions.ts:116,apps/portal/src/lib/server/actions/finance-actions.ts:1773,finance-issuing-authority,/app/finance?view=commercial&task=Project%20issuing%20authority,"Canonical Owner, Other Owner, Finance Admin",finance workspace,Exact existing form/surface or selected configuration section; record scope and permission may still be required,"if (params.section !== 'finance') if (!['owner_admin', 'finance_admin'].includes(context.principal.role)) 'problem.finance.roleRequired',",canonicalLegalEntityRevisionForm,[],"Task visibility is a navigation projection, not proof of authorization. Live session, object scope, assignment/delegation, source ownership, state/version and repository guards remain authoritative. Empty extracted_fields means the extractor did not resolve formObject/FormData or schema fields; it does not mean the action accepts no input."
form action,assignProjectLegalEntity,/app/[section],apps/portal/src/routes/app/[section]/section-actions.ts:117,apps/portal/src/lib/server/actions/finance-actions.ts:1814,finance-issuing-authority,/app/finance?view=commercial&task=Project%20issuing%20authority,"Canonical Owner, Other Owner, Finance Admin",finance workspace,Exact existing form/surface or selected configuration section; record scope and permission may still be required,"if (params.section !== 'finance') if (!['owner_admin', 'finance_admin'].includes(context.principal.role)) 'problem.finance.roleRequired',",projectLegalEntityAssignmentInputSchema,[],"Task visibility is a navigation projection, not proof of authorization. Live session, object scope, assignment/delegation, source ownership, state/version and repository guards remain authoritative. Empty extracted_fields means the extractor did not resolve formObject/FormData or schema fields; it does not mean the action accepts no input."
form action,replaceUnusedProjectIssuingAuthority,/app/[section],apps/portal/src/routes/app/[section]/section-actions.ts:118,apps/portal/src/lib/server/actions/finance-actions.ts:1857,finance-issuing-authority,/app/finance?view=commercial&task=Project%20issuing%20authority,"Canonical Owner, Other Owner, Finance Admin",finance workspace,Exact existing form/surface or selected configuration section; record scope and permission may still be required,"if (params.section !== 'finance') if (!['owner_admin', 'finance_admin'].includes(context.principal.role)) 'problem.finance.roleRequired',",unusedProjectIssuingAuthorityReplacementInputSchema,[],"Task visibility is a navigation projection, not proof of authorization. Live session, object scope, assignment/delegation, source ownership, state/version and repository guards remain authoritative. Empty extracted_fields means the extractor did not resolve formObject/FormData or schema fields; it does not mean the action accepts no input."
form action,setExpensePlanningDates,/app/[section],apps/portal/src/routes/app/[section]/section-actions.ts:119,apps/portal/src/lib/server/actions/finance-actions.ts:1959,finance-reimbursement,/app/finance?view=economic&source=expenses#finance-source-records,"Canonical Owner, Other Owner, Finance Admin",finance workspace,Register/workspace context; locate the existing control in this workspace,if (params.section !== 'finance'),expensePlanningDatesInputSchema,[],"Task visibility is a navigation projection, not proof of authorization. Live session, object scope, assignment/delegation, source ownership, state/version and repository guards remain authoritative. Empty extracted_fields means the extractor did not resolve formObject/FormData or schema fields; it does not mean the action accepts no input."
form action,setCompensationSettlementExpectedPaymentOn,/app/[section],apps/portal/src/routes/app/[section]/section-actions.ts:120,apps/portal/src/lib/server/actions/finance-actions.ts:1989,finance-compensation-payment,/app/finance?view=economic&source=settlements#worker-payments,"Canonical Owner, Other Owner, Finance Admin",finance workspace,Register/workspace context; locate the existing control in this workspace,if (params.section !== 'finance'),compensationSettlementPlanningInputSchema,[],"Task visibility is a navigation projection, not proof of authorization. Live session, object scope, assignment/delegation, source ownership, state/version and repository guards remain authoritative. Empty extracted_fields means the extractor did not resolve formObject/FormData or schema fields; it does not mean the action accepts no input."
form action,createProjectCommercialPolicy,/app/[section],apps/portal/src/routes/app/[section]/section-actions.ts:122,apps/portal/src/lib/server/actions/finance-actions.ts:2025,project-commercial; finance-project-policy,/app/projects#project-register; /app/finance?view=commercial&task=Project%20commercial%20and%20time%20policy,"Canonical Owner, Other Owner, Finance Admin",finance workspace,Exact existing form/surface or selected configuration section; record scope and permission may still be required,"if (params.section !== 'finance') if (!['owner_admin', 'finance_admin'].includes(context.principal.role)) 'problem.finance.roleRequired',",projectCommercialPolicyInputSchema,[],"Task visibility is a navigation projection, not proof of authorization. Live session, object scope, assignment/delegation, source ownership, state/version and repository guards remain authoritative. Empty extracted_fields means the extractor did not resolve formObject/FormData or schema fields; it does not mean the action accepts no input."
form action,createCompensationRule,/app/[section],apps/portal/src/routes/app/[section]/section-actions.ts:123,apps/portal/src/lib/server/actions/finance-actions.ts:2070,finance-compensation-create,/app/finance?view=commercial&task=Worker%20compensation,"Canonical Owner, Other Owner, Finance Admin",finance workspace,Exact existing form/surface or selected configuration section; record scope and permission may still be required,if (params.section !== 'finance'),compensationRuleInputSchema,[],"Task visibility is a navigation projection, not proof of authorization. Live session, object scope, assignment/delegation, source ownership, state/version and repository guards remain authoritative. Empty extracted_fields means the extractor did not resolve formObject/FormData or schema fields; it does not mean the action accepts no input."
form action,supersedeCompensationRule,/app/[section],apps/portal/src/routes/app/[section]/section-actions.ts:124,apps/portal/src/lib/server/actions/finance-actions.ts:2101,finance-compensation-revise,/app/finance?view=commercial&task=Compensation%20statement%20rules,"Canonical Owner, Other Owner, Finance Admin",finance workspace,Exact existing form/surface or selected configuration section; record scope and permission may still be required,if (params.section !== 'finance'),compensationRuleInputSchema,[],"Task visibility is a navigation projection, not proof of authorization. Live session, object scope, assignment/delegation, source ownership, state/version and repository guards remain authoritative. Empty extracted_fields means the extractor did not resolve formObject/FormData or schema fields; it does not mean the action accepts no input."
form action,deactivateCompensationRule,/app/[section],apps/portal/src/routes/app/[section]/section-actions.ts:125,apps/portal/src/lib/server/actions/finance-actions.ts:2146,finance-compensation-revise,/app/finance?view=commercial&task=Compensation%20statement%20rules,"Canonical Owner, Other Owner, Finance Admin",finance workspace,Exact existing form/surface or selected configuration section; record scope and permission may still be required,if (params.section !== 'finance'),,"[""ruleId""]","Task visibility is a navigation projection, not proof of authorization. Live session, object scope, assignment/delegation, source ownership, state/version and repository guards remain authoritative."
form action,settleCompensation,/app/[section],apps/portal/src/routes/app/[section]/section-actions.ts:126,apps/portal/src/lib/server/actions/finance-actions.ts:2173,finance-settlement,/app/finance?view=commercial&task=Settlement%20status,"Canonical Owner, Other Owner, Finance Admin",finance workspace,Exact existing form/surface or selected configuration section; record scope and permission may still be required,if (params.section !== 'finance'),compensationSettlementInputSchema,[],"Task visibility is a navigation projection, not proof of authorization. Live session, object scope, assignment/delegation, source ownership, state/version and repository guards remain authoritative. Empty extracted_fields means the extractor did not resolve formObject/FormData or schema fields; it does not mean the action accepts no input."
form action,recordCompensationPayment,/app/[section],apps/portal/src/routes/app/[section]/section-actions.ts:127,apps/portal/src/lib/server/actions/finance-actions.ts:2207,finance-compensation-payment,/app/finance?view=economic&source=settlements#worker-payments,"Canonical Owner, Other Owner, Finance Admin",finance workspace,Register/workspace context; locate the existing control in this workspace,if (params.section !== 'finance'),compensationPaymentInputSchema,[],"Task visibility is a navigation projection, not proof of authorization. Live session, object scope, assignment/delegation, source ownership, state/version and repository guards remain authoritative. Empty extracted_fields means the extractor did not resolve formObject/FormData or schema fields; it does not mean the action accepts no input."
form action,reverseCompensationPayment,/app/[section],apps/portal/src/routes/app/[section]/section-actions.ts:128,apps/portal/src/lib/server/actions/finance-actions.ts:2259,finance-compensation-payment,/app/finance?view=economic&source=settlements#worker-payments,"Canonical Owner, Other Owner, Finance Admin",finance workspace,Register/workspace context; locate the existing control in this workspace,if (params.section !== 'finance'),compensationPaymentReversalInputSchema,[],"Task visibility is a navigation projection, not proof of authorization. Live session, object scope, assignment/delegation, source ownership, state/version and repository guards remain authoritative. Empty extracted_fields means the extractor did not resolve formObject/FormData or schema fields; it does not mean the action accepts no input."
form action,recordReimbursement,/app/[section],apps/portal/src/routes/app/[section]/section-actions.ts:129,apps/portal/src/lib/server/actions/finance-actions.ts:2308,finance-reimbursement,/app/finance?view=economic&source=expenses#finance-source-records,"Canonical Owner, Other Owner, Finance Admin",finance workspace,Register/workspace context; locate the existing control in this workspace,if (params.section !== 'finance'),reimbursementInputSchema,[],"Task visibility is a navigation projection, not proof of authorization. Live session, object scope, assignment/delegation, source ownership, state/version and repository guards remain authoritative. Empty extracted_fields means the extractor did not resolve formObject/FormData or schema fields; it does not mean the action accepts no input."
form action,createClientLaborRate,/app/[section],apps/portal/src/routes/app/[section]/section-actions.ts:130,apps/portal/src/lib/server/actions/finance-actions.ts:2343,finance-client-rate-create,/app/finance?view=commercial&task=Client%20labor%20rate,"Canonical Owner, Other Owner, Finance Admin",finance workspace,Exact existing form/surface or selected configuration section; record scope and permission may still be required,if (params.section !== 'finance'),clientLaborRateInputSchema,[],"Task visibility is a navigation projection, not proof of authorization. Live session, object scope, assignment/delegation, source ownership, state/version and repository guards remain authoritative. Empty extracted_fields means the extractor did not resolve formObject/FormData or schema fields; it does not mean the action accepts no input."
form action,supersedeClientLaborRate,/app/[section],apps/portal/src/routes/app/[section]/section-actions.ts:131,apps/portal/src/lib/server/actions/finance-actions.ts:2374,finance-client-rate-revise,/app/finance?view=commercial&task=Client%20labor%20rates,"Canonical Owner, Other Owner, Finance Admin",finance workspace,Exact existing form/surface or selected configuration section; record scope and permission may still be required,if (params.section !== 'finance'),clientLaborRateInputSchema,[],"Task visibility is a navigation projection, not proof of authorization. Live session, object scope, assignment/delegation, source ownership, state/version and repository guards remain authoritative. Empty extracted_fields means the extractor did not resolve formObject/FormData or schema fields; it does not mean the action accepts no input."
form action,deactivateClientLaborRate,/app/[section],apps/portal/src/routes/app/[section]/section-actions.ts:132,apps/portal/src/lib/server/actions/finance-actions.ts:2424,finance-client-rate-revise,/app/finance?view=commercial&task=Client%20labor%20rates,"Canonical Owner, Other Owner, Finance Admin",finance workspace,Exact existing form/surface or selected configuration section; record scope and permission may still be required,if (params.section !== 'finance'),,"[""ruleId""]","Task visibility is a navigation projection, not proof of authorization. Live session, object scope, assignment/delegation, source ownership, state/version and repository guards remain authoritative."
form action,createInternalCostRule,/app/[section],apps/portal/src/routes/app/[section]/section-actions.ts:133,apps/portal/src/lib/server/actions/finance-actions.ts:2451,finance-cost-create,/app/finance?view=commercial&task=Internal%20loaded%20cost,"Canonical Owner, Other Owner, Finance Admin",finance workspace,Exact existing form/surface or selected configuration section; record scope and permission may still be required,if (params.section !== 'finance'),internalCostRuleInputSchema,[],"Task visibility is a navigation projection, not proof of authorization. Live session, object scope, assignment/delegation, source ownership, state/version and repository guards remain authoritative. Empty extracted_fields means the extractor did not resolve formObject/FormData or schema fields; it does not mean the action accepts no input."
form action,supersedeInternalCostRule,/app/[section],apps/portal/src/routes/app/[section]/section-actions.ts:134,apps/portal/src/lib/server/actions/finance-actions.ts:2478,finance-cost-revise,/app/finance?view=commercial&task=Assignment%20budget%20context%20%2F%20internal%20loaded%20cost,"Canonical Owner, Other Owner, Finance Admin",finance workspace,Exact existing form/surface or selected configuration section; record scope and permission may still be required,if (params.section !== 'finance'),internalCostRuleInputSchema,[],"Task visibility is a navigation projection, not proof of authorization. Live session, object scope, assignment/delegation, source ownership, state/version and repository guards remain authoritative. Empty extracted_fields means the extractor did not resolve formObject/FormData or schema fields; it does not mean the action accepts no input."
form action,deactivateInternalCostRule,/app/[section],apps/portal/src/routes/app/[section]/section-actions.ts:135,apps/portal/src/lib/server/actions/finance-actions.ts:2523,finance-cost-revise,/app/finance?view=commercial&task=Assignment%20budget%20context%20%2F%20internal%20loaded%20cost,"Canonical Owner, Other Owner, Finance Admin",finance workspace,Exact existing form/surface or selected configuration section; record scope and permission may still be required,if (params.section !== 'finance'),,"[""ruleId""]","Task visibility is a navigation projection, not proof of authorization. Live session, object scope, assignment/delegation, source ownership, state/version and repository guards remain authoritative."
form action,createAssignmentRateOverride,/app/[section],apps/portal/src/routes/app/[section]/section-actions.ts:136,apps/portal/src/lib/server/actions/finance-actions.ts:2550,project-person-defaults,/app/projects#project-register,"Canonical Owner, Other Owner, Finance Admin",finance workspace,Selected record/menu context; locate the existing state-dependent control,if (params.section !== 'finance'),assignmentRateOverrideInputSchema,[],"Task visibility is a navigation projection, not proof of authorization. Live session, object scope, assignment/delegation, source ownership, state/version and repository guards remain authoritative. Empty extracted_fields means the extractor did not resolve formObject/FormData or schema fields; it does not mean the action accepts no input."
form action,markNotificationRead,/app/[section],apps/portal/src/routes/app/[section]/section-actions.ts:137,apps/portal/src/lib/server/actions/notification-actions.ts:8,notifications,/app/notifications,"Canonical Owner, Other Owner, Finance Admin, Project Manager, Worker, Read-only Auditor",notifications workspace,Register/workspace context; locate the existing control in this workspace,if (params.section !== 'notifications'),uuidSchema,[],"Task visibility is a navigation projection, not proof of authorization. Live session, object scope, assignment/delegation, source ownership, state/version and repository guards remain authoritative. Empty extracted_fields means the extractor did not resolve formObject/FormData or schema fields; it does not mean the action accepts no input."
form action,archiveDocument,/app/[section],apps/portal/src/routes/app/[section]/section-actions.ts:138,apps/portal/src/lib/server/actions/document-actions.ts:357,documents-archive,/app/documents#document-list,"Canonical Owner, Other Owner",documents workspace,Register/workspace context; locate the existing control in this workspace,if (params.section !== 'documents'),,[],"Task visibility is a navigation projection, not proof of authorization. Live session, object scope, assignment/delegation, source ownership, state/version and repository guards remain authoritative. Empty extracted_fields means the extractor did not resolve formObject/FormData or schema fields; it does not mean the action accepts no input."
form action,deleteDocument,/app/[section],apps/portal/src/routes/app/[section]/section-actions.ts:139,apps/portal/src/lib/server/actions/document-actions.ts:394,documents-archive,/app/documents#document-list,"Canonical Owner, Other Owner",projects workspace,Register/workspace context; locate the existing control in this workspace,params.section !== 'documents' && params.section !== 'expenses' && params.section !== 'projects',,[],"Task visibility is a navigation projection, not proof of authorization. Live session, object scope, assignment/delegation, source ownership, state/version and repository guards remain authoritative. Empty extracted_fields means the extractor did not resolve formObject/FormData or schema fields; it does not mean the action accepts no input."
form action,deleteDraft,/app/[section],apps/portal/src/routes/app/[section]/section-actions.ts:140,apps/portal/src/lib/server/actions/operations-actions.ts:1728,invoice-delete,/app/billing?view=invoices,"Canonical Owner, Other Owner, Finance Admin",Source/repository guard decides access,Selected record/menu context; locate the existing state-dependent control,"if (!['reports', 'time', 'expenses'].includes(params.section ?? ''))",,[],"Task visibility is a navigation projection, not proof of authorization. Live session, object scope, assignment/delegation, source ownership, state/version and repository guards remain authoritative. Empty extracted_fields means the extractor did not resolve formObject/FormData or schema fields; it does not mean the action accepts no input."
form action,withdrawLinkedDrafts,/app/[section],apps/portal/src/routes/app/[section]/section-actions.ts:141,apps/portal/src/lib/server/actions/operations-actions.ts:1795,expense-discard,/app/expenses#expense-records,"Canonical Owner, Other Owner, Project Manager, Worker, Supplier Coordinator, External Technician",Source/repository guard decides access,Register/workspace context; locate the existing control in this workspace,"if (!['time', 'expenses'].includes(params.section ?? ''))",,[],"Task visibility is a navigation projection, not proof of authorization. Live session, object scope, assignment/delegation, source ownership, state/version and repository guards remain authoritative. Empty extracted_fields means the extractor did not resolve formObject/FormData or schema fields; it does not mean the action accepts no input."
form action,createCorrectionDraft,/app/[section],apps/portal/src/routes/app/[section]/section-actions.ts:142,apps/portal/src/lib/server/actions/operations-actions.ts:1879,time-edit,/app/time#time-records,"Canonical Owner, Other Owner, Project Manager, Worker, Supplier Coordinator, External Technician",Source/repository guard decides access,Selected record/menu context; locate the existing state-dependent control,"!['reports', 'time', 'expenses', 'approvals'].includes(params.section ?? '') && ['worker', 'project_manager'].includes(context.principal.role), ['worker', 'project_manager'].includes(context.principal.role),",,[],"Task visibility is a navigation projection, not proof of authorization. Live session, object scope, assignment/delegation, source ownership, state/version and repository guards remain authoritative. Empty extracted_fields means the extractor did not resolve formObject/FormData or schema fields; it does not mean the action accepts no input."
form action,withdrawCorrectionDraft,/app/[section],apps/portal/src/routes/app/[section]/section-actions.ts:143,apps/portal/src/lib/server/actions/operations-actions.ts:2169,time-edit,/app/time#time-records,"Canonical Owner, Other Owner, Project Manager, Worker, Supplier Coordinator, External Technician",Source/repository guard decides access,Selected record/menu context; locate the existing state-dependent control,"(!['time', 'expenses', 'reports'].includes(params.section ?? '') && currentDependency.kind === 'other' && context.principal.role === 'owner_admin' ['worker', 'project_manager'].includes(context.principal.role),",,[],"Task visibility is a navigation projection, not proof of authorization. Live session, object scope, assignment/delegation, source ownership, state/version and repository guards remain authoritative. Empty extracted_fields means the extractor did not resolve formObject/FormData or schema fields; it does not mean the action accepts no input."
form action,updateInvoiceDraftDetails,/app/billing/invoices/[id],apps/portal/src/routes/app/billing/invoices/[id]/+page.server.ts:29,apps/portal/src/routes/app/billing/invoices/[id]/+page.server.ts:29,invoice-edit,/app/billing?view=invoices,"Canonical Owner, Other Owner, Finance Admin",billing workspace,Selected record/menu context; locate the existing state-dependent control,,,[],"Task visibility is a navigation projection, not proof of authorization. Live session, object scope, assignment/delegation, source ownership, state/version and repository guards remain authoritative. Draft, approved, issued and paid states expose different controls; issued history uses void/credit/adjustment, never silent edits. Empty extracted_fields means the extractor did not resolve formObject/FormData or schema fields; it does not mean the action accepts no input."
form action,refreshFilter,/app/crew,apps/portal/src/routes/app/crew/+page.server.ts:863,apps/portal/src/routes/app/crew/+page.server.ts:863,project-closeout,/app/projects#project-register,"Canonical Owner, Other Owner, Finance Admin",crew workspace,Selected record/menu context; locate the existing state-dependent control,,,[],"Task visibility is a navigation projection, not proof of authorization. Live session, object scope, assignment/delegation, source ownership, state/version and repository guards remain authoritative. Worker entry requires an active crew-chief delegation on the work date; owner delegation management is separate. Empty extracted_fields means the extractor did not resolve formObject/FormData or schema fields; it does not mean the action accepts no input."
form action,grant,/app/crew,apps/portal/src/routes/app/crew/+page.server.ts:882,apps/portal/src/routes/app/crew/+page.server.ts:722,crew-delegate,/app/crew#crew-assign,"Canonical Owner, Other Owner",crew workspace,Register/workspace context; locate the existing control in this workspace,,,"[""timeEntryIds"", ""workerIds"", ""date"", ""lang""]","Task visibility is a navigation projection, not proof of authorization. Live session, object scope, assignment/delegation, source ownership, state/version and repository guards remain authoritative. Worker entry requires an active crew-chief delegation on the work date; owner delegation management is separate."
form action,revoke,/app/crew,apps/portal/src/routes/app/crew/+page.server.ts:883,apps/portal/src/routes/app/crew/+page.server.ts:722,crew-delegate,/app/crew#crew-assign,"Canonical Owner, Other Owner",crew workspace,Register/workspace context; locate the existing control in this workspace,,,"[""timeEntryIds"", ""workerIds"", ""date"", ""lang""]","Task visibility is a navigation projection, not proof of authorization. Live session, object scope, assignment/delegation, source ownership, state/version and repository guards remain authoritative. Worker entry requires an active crew-chief delegation on the work date; owner delegation management is separate."
form action,createBatch,/app/crew,apps/portal/src/routes/app/crew/+page.server.ts:884,apps/portal/src/routes/app/crew/+page.server.ts:722,crew-hours,/app/crew#crew-date,Worker,crew workspace,Register/workspace context; locate the existing control in this workspace,,,"[""timeEntryIds"", ""workerIds"", ""date"", ""lang""]","Task visibility is a navigation projection, not proof of authorization. Live session, object scope, assignment/delegation, source ownership, state/version and repository guards remain authoritative. Worker entry requires an active crew-chief delegation on the work date; owner delegation management is separate."
form action,submit,/app/crew,apps/portal/src/routes/app/crew/+page.server.ts:885,apps/portal/src/routes/app/crew/+page.server.ts:722,crew-hours,/app/crew#crew-date,Worker,crew workspace,Register/workspace context; locate the existing control in this workspace,,,"[""timeEntryIds"", ""workerIds"", ""date"", ""lang""]","Task visibility is a navigation projection, not proof of authorization. Live session, object scope, assignment/delegation, source ownership, state/version and repository guards remain authoritative. Worker entry requires an active crew-chief delegation on the work date; owner delegation management is separate."
form action,allocateReceipt,/app/crew,apps/portal/src/routes/app/crew/+page.server.ts:886,apps/portal/src/routes/app/crew/+page.server.ts:722,crew-expenses,/app/crew#crew-project,Worker,crew workspace,Register/workspace context; locate the existing control in this workspace,,,"[""timeEntryIds"", ""workerIds"", ""date"", ""lang""]","Task visibility is a navigation projection, not proof of authorization. Live session, object scope, assignment/delegation, source ownership, state/version and repository guards remain authoritative. Worker entry requires an active crew-chief delegation on the work date; owner delegation management is separate."
form action,update,/app/crew/time/[id],apps/portal/src/routes/app/crew/time/[id]/+page.server.ts:321,apps/portal/src/routes/app/crew/time/[id]/+page.server.ts:257,crew-hours,/app/crew#crew-date,Worker,time workspace,Register/workspace context; locate the existing control in this workspace,,,[],"Task visibility is a navigation projection, not proof of authorization. Live session, object scope, assignment/delegation, source ownership, state/version and repository guards remain authoritative. Worker entry requires an active crew-chief delegation on the work date; owner delegation management is separate. Empty extracted_fields means the extractor did not resolve formObject/FormData or schema fields; it does not mean the action accepts no input."
form action,discard,/app/crew/time/[id],apps/portal/src/routes/app/crew/time/[id]/+page.server.ts:322,apps/portal/src/routes/app/crew/time/[id]/+page.server.ts:257,management,/app/manage,"Canonical Owner, Other Owner",time workspace,Register/workspace context; locate the existing control in this workspace,,,[],"Task visibility is a navigation projection, not proof of authorization. Live session, object scope, assignment/delegation, source ownership, state/version and repository guards remain authoritative. Worker entry requires an active crew-chief delegation on the work date; owner delegation management is separate. Empty extracted_fields means the extractor did not resolve formObject/FormData or schema fields; it does not mean the action accepts no input."
form action,correct,/app/crew/time/[id],apps/portal/src/routes/app/crew/time/[id]/+page.server.ts:323,apps/portal/src/routes/app/crew/time/[id]/+page.server.ts:257,expense-edit; report-edit,/app/expenses#expense-records; /app/reports?view=daily#report-panel-daily,"Canonical Owner, Other Owner, Project Manager, Worker, Supplier Coordinator, External Technician",time workspace,Selected record/menu context; locate the existing state-dependent control,,,[],"Task visibility is a navigation projection, not proof of authorization. Live session, object scope, assignment/delegation, source ownership, state/version and repository guards remain authoritative. Worker entry requires an active crew-chief delegation on the work date; owner delegation management is separate. Empty extracted_fields means the extractor did not resolve formObject/FormData or schema fields; it does not mean the action accepts no input."
form action,submit,/app/crew/time/[id],apps/portal/src/routes/app/crew/time/[id]/+page.server.ts:324,apps/portal/src/routes/app/crew/time/[id]/+page.server.ts:257,crew-hours,/app/crew#crew-date,Worker,time workspace,Register/workspace context; locate the existing control in this workspace,,,[],"Task visibility is a navigation projection, not proof of authorization. Live session, object scope, assignment/delegation, source ownership, state/version and repository guards remain authoritative. Worker entry requires an active crew-chief delegation on the work date; owner delegation management is separate. Empty extracted_fields means the extractor did not resolve formObject/FormData or schema fields; it does not mean the action accepts no input."
form action,createCorrectionDraft,/app/expenses/[id],apps/portal/src/routes/app/expenses/[id]/+page.server.ts:391,apps/portal/src/routes/app/expenses/[id]/+page.server.ts:391,time-edit,/app/time#time-records,"Canonical Owner, Other Owner, Project Manager, Worker, Supplier Coordinator, External Technician",expenses workspace,Selected record/menu context; locate the existing state-dependent control,"event.locals.user?.role === 'project_manager',",,[],"Task visibility is a navigation projection, not proof of authorization. Live session, object scope, assignment/delegation, source ownership, state/version and repository guards remain authoritative. Empty extracted_fields means the extractor did not resolve formObject/FormData or schema fields; it does not mean the action accepts no input."
form action,withdrawCorrectionDraft,/app/expenses/[id],apps/portal/src/routes/app/expenses/[id]/+page.server.ts:410,apps/portal/src/routes/app/expenses/[id]/+page.server.ts:410,time-edit,/app/time#time-records,"Canonical Owner, Other Owner, Project Manager, Worker, Supplier Coordinator, External Technician",expenses workspace,Selected record/menu context; locate the existing state-dependent control,"event.locals.user?.role === 'project_manager',",,[],"Task visibility is a navigation projection, not proof of authorization. Live session, object scope, assignment/delegation, source ownership, state/version and repository guards remain authoritative. Empty extracted_fields means the extractor did not resolve formObject/FormData or schema fields; it does not mean the action accepts no input."
form action,withdrawCrewExpenseDraft,/app/expenses/[id],apps/portal/src/routes/app/expenses/[id]/+page.server.ts:429,apps/portal/src/routes/app/expenses/[id]/+page.server.ts:429,crew-expenses,/app/crew#crew-project,Worker,expenses workspace,Register/workspace context; locate the existing control in this workspace,"event.locals.user?.role === 'project_manager',",,[],"Task visibility is a navigation projection, not proof of authorization. Live session, object scope, assignment/delegation, source ownership, state/version and repository guards remain authoritative. Empty extracted_fields means the extractor did not resolve formObject/FormData or schema fields; it does not mean the action accepts no input."
form action,submitExpense,/app/expenses/[id],apps/portal/src/routes/app/expenses/[id]/+page.server.ts:444,apps/portal/src/routes/app/expenses/[id]/+page.server.ts:444,expense-submit,/app/expenses#expense-records,"Canonical Owner, Other Owner, Project Manager, Worker, Supplier Coordinator, External Technician",expenses workspace,Register/workspace context; locate the existing control in this workspace,"event.locals.user?.role === 'project_manager',",,[],"Task visibility is a navigation projection, not proof of authorization. Live session, object scope, assignment/delegation, source ownership, state/version and repository guards remain authoritative. Empty extracted_fields means the extractor did not resolve formObject/FormData or schema fields; it does not mean the action accepts no input."
form action,default,/app/finance/preview,apps/portal/src/routes/app/finance/preview/+page.server.ts:242,apps/portal/src/routes/app/finance/preview/+page.server.ts:242,,/app/finance/preview,No direct task mapping; inspect source guard,Finance preview,No direct assistant form: API/internal/authentication or source-only route,// Active account/role are checked by the repository before any financial preview.,,[],"Task visibility is a navigation projection, not proof of authorization. Live session, object scope, assignment/delegation, source ownership, state/version and repository guards remain authoritative. Empty extracted_fields means the extractor did not resolve formObject/FormData or schema fields; it does not mean the action accepts no input."
form action,manageCatalog,/app/manage,apps/portal/src/routes/app/manage/+page.server.ts:360,apps/portal/src/routes/app/manage/+page.server.ts:360,management,/app/manage,"Canonical Owner, Other Owner",Source/repository guard decides access,Register/workspace context; locate the existing control in this workspace,new OwnerRecordManagement(ctx.sqlite).assertOwner(ctx.principal);,,"[""confirmed"", ""kind"", ""id"", ""token"", ""operation"", ""reason""]","Task visibility is a navigation projection, not proof of authorization. Live session, object scope, assignment/delegation, source ownership, state/version and repository guards remain authoritative."
form action,manageRecord,/app/manage,apps/portal/src/routes/app/manage/+page.server.ts:429,apps/portal/src/routes/app/manage/+page.server.ts:429,management,/app/manage,"Canonical Owner, Other Owner",Source/repository guard decides access,Register/workspace context; locate the existing control in this workspace,manager.assertOwner(ctx.principal);,,"[""confirmed"", ""recordType"", ""id"", ""operation"", ""reason""]","Task visibility is a navigation projection, not proof of authorization. Live session, object scope, assignment/delegation, source ownership, state/version and repository guards remain authoritative."
form action,markRead,/app/notifications/[id],apps/portal/src/routes/app/notifications/[id]/+page.server.ts:24,apps/portal/src/routes/app/notifications/[id]/+page.server.ts:24,notifications,/app/notifications,"Canonical Owner, Other Owner, Finance Admin, Project Manager, Worker, Read-only Auditor",notifications workspace,Register/workspace context; locate the existing control in this workspace,,uuidSchema,[],"Task visibility is a navigation projection, not proof of authorization. Live session, object scope, assignment/delegation, source ownership, state/version and repository guards remain authoritative. Empty extracted_fields means the extractor did not resolve formObject/FormData or schema fields; it does not mean the action accepts no input."
form action,saveProjectPersonDefaults,/app/projects/[id],apps/portal/src/routes/app/projects/[id]/+page.server.ts:1180,apps/portal/src/routes/app/projects/[id]/+page.server.ts:1180,project-person-defaults,/app/projects#project-register,"Canonical Owner, Other Owner, Finance Admin",projects workspace,Selected record/menu context; locate the existing state-dependent control,"if (!locals.user || !['owner_admin', 'finance_admin'].includes(locals.user.role ?? '')) throw new AccessDeniedError('Finance role required'); if (parsed.data.projectId !== params.id) throw new AccessDeniedError('Finance role required');",,[],"Task visibility is a navigation projection, not proof of authorization. Live session, object scope, assignment/delegation, source ownership, state/version and repository guards remain authoritative. Empty extracted_fields means the extractor did not resolve formObject/FormData or schema fields; it does not mean the action accepts no input."
form action,submitMilestone,/app/projects/[id],apps/portal/src/routes/app/projects/[id]/+page.server.ts:1243,apps/portal/src/routes/app/projects/[id]/+page.server.ts:1243,project-milestones,/app/projects#project-milestone-create,"Canonical Owner, Other Owner",projects workspace,Selected record/menu context; locate the existing state-dependent control,,,[],"Task visibility is a navigation projection, not proof of authorization. Live session, object scope, assignment/delegation, source ownership, state/version and repository guards remain authoritative. Empty extracted_fields means the extractor did not resolve formObject/FormData or schema fields; it does not mean the action accepts no input."
form action,savePeopleTerms,/app/projects/[id],apps/portal/src/routes/app/projects/[id]/+page.server.ts:1307,apps/portal/src/routes/app/projects/[id]/+page.server.ts:1307,project-person-defaults,/app/projects#project-register,"Canonical Owner, Other Owner, Finance Admin",projects workspace,Selected record/menu context; locate the existing state-dependent control,"if (locals.user.role !== 'owner_admin' && locals.user.role !== 'finance_admin') new AccessDeniedError('Finance role required'),",,[],"Task visibility is a navigation projection, not proof of authorization. Live session, object scope, assignment/delegation, source ownership, state/version and repository guards remain authoritative. Empty extracted_fields means the extractor did not resolve formObject/FormData or schema fields; it does not mean the action accepts no input."
form action,savePersonTerms,/app/projects/[id],apps/portal/src/routes/app/projects/[id]/+page.server.ts:1395,apps/portal/src/routes/app/projects/[id]/+page.server.ts:1395,project-person-defaults,/app/projects#project-register,"Canonical Owner, Other Owner, Finance Admin",projects workspace,Selected record/menu context; locate the existing state-dependent control,"if (locals.user.role !== 'owner_admin' && locals.user.role !== 'finance_admin') new AccessDeniedError('Finance role required'),",personTermsSchema,[],"Task visibility is a navigation projection, not proof of authorization. Live session, object scope, assignment/delegation, source ownership, state/version and repository guards remain authoritative. Empty extracted_fields means the extractor did not resolve formObject/FormData or schema fields; it does not mean the action accepts no input."
form action,saveBillingSetup,/app/projects/[id],apps/portal/src/routes/app/projects/[id]/+page.server.ts:1465,apps/portal/src/routes/app/projects/[id]/+page.server.ts:1465,project-billing,/app/projects#project-register,"Canonical Owner, Other Owner, Finance Admin",projects workspace,Selected record/menu context; locate the existing state-dependent control,"if (locals.user.role !== 'owner_admin' && locals.user.role !== 'finance_admin') new AccessDeniedError('Finance role required'),",,[],"Task visibility is a navigation projection, not proof of authorization. Live session, object scope, assignment/delegation, source ownership, state/version and repository guards remain authoritative. Empty extracted_fields means the extractor did not resolve formObject/FormData or schema fields; it does not mean the action accepts no input."
form action,createInvoiceDraft,/app/projects/[id],apps/portal/src/routes/app/projects/[id]/+page.server.ts:1598,apps/portal/src/routes/app/projects/[id]/+page.server.ts:1598,invoice-create,/app/billing?view=invoices,"Canonical Owner, Other Owner, Finance Admin",projects workspace,Exact existing form/surface or selected configuration section; record scope and permission may still be required,"if (locals.user.role !== 'owner_admin' && locals.user.role !== 'finance_admin') new AccessDeniedError('Finance role required'),",invoicePeriodSchema,[],"Task visibility is a navigation projection, not proof of authorization. Live session, object scope, assignment/delegation, source ownership, state/version and repository guards remain authoritative. Draft, approved, issued and paid states expose different controls; issued history uses void/credit/adjustment, never silent edits. Empty extracted_fields means the extractor did not resolve formObject/FormData or schema fields; it does not mean the action accepts no input."
form action,updateProject,/app/projects/[id],apps/portal/src/routes/app/projects/[id]/+page.server.ts:1695,apps/portal/src/routes/app/projects/[id]/+page.server.ts:1695,project-edit,/app/projects#project-register,"Canonical Owner, Other Owner",projects workspace,Selected record/menu context; locate the existing state-dependent control,,,"[""projectId"", ""version"", ""costCenterCode"", ""name"", ""poNumber"", ""description"", ""projectAlias"", ""timezone"", ""billingModel"", ""siteName"", ""country"", ""projectManagerId"", ""contractNumber"", ""startDate"", ""plannedEndDate"", ""budgetType"", ""weeklyCloseEnabled"", ""dailyReportRequired"", ""technicalReportingRequired"", ""notes""]","Task visibility is a navigation projection, not proof of authorization. Live session, object scope, assignment/delegation, source ownership, state/version and repository guards remain authoritative."
form action,deleteProject,/app/projects/[id],apps/portal/src/routes/app/projects/[id]/+page.server.ts:1865,apps/portal/src/routes/app/projects/[id]/+page.server.ts:1865,project-delete,/app/projects#project-register,"Canonical Owner, Other Owner, Finance Admin",projects workspace,Selected record/menu context; locate the existing state-dependent control,,,"[""projectId""]","Task visibility is a navigation projection, not proof of authorization. Live session, object scope, assignment/delegation, source ownership, state/version and repository guards remain authoritative."
form action,prepare,/app/projects/[id]/closeout,apps/portal/src/routes/app/projects/[id]/closeout/+page.server.ts:349,apps/portal/src/routes/app/projects/[id]/closeout/+page.server.ts:349,project-closeout,/app/projects#project-register,"Canonical Owner, Other Owner, Finance Admin",Project closeout,Selected record/menu context; locate the existing state-dependent control,"if (!writer(locals.user.role)) new AccessDeniedError('Finance role required'),",,[],"Task visibility is a navigation projection, not proof of authorization. Live session, object scope, assignment/delegation, source ownership, state/version and repository guards remain authoritative. Empty extracted_fields means the extractor did not resolve formObject/FormData or schema fields; it does not mean the action accepts no input."
form action,refresh,/app/projects/[id]/closeout,apps/portal/src/routes/app/projects/[id]/closeout/+page.server.ts:380,apps/portal/src/routes/app/projects/[id]/closeout/+page.server.ts:380,project-closeout,/app/projects#project-register,"Canonical Owner, Other Owner, Finance Admin",Project closeout,Selected record/menu context; locate the existing state-dependent control,"if (!writer(locals.user.role)) new AccessDeniedError('Finance role required'),",,[],"Task visibility is a navigation projection, not proof of authorization. Live session, object scope, assignment/delegation, source ownership, state/version and repository guards remain authoritative. Empty extracted_fields means the extractor did not resolve formObject/FormData or schema fields; it does not mean the action accepts no input."
form action,confirmClient,/app/projects/[id]/closeout,apps/portal/src/routes/app/projects/[id]/closeout/+page.server.ts:422,apps/portal/src/routes/app/projects/[id]/closeout/+page.server.ts:422,report-signature,/app/reports?view=signoff#report-panel-signoff,"Canonical Owner, Other Owner, Project Manager",Project closeout,Register/workspace context; locate the existing control in this workspace,"if (!writer(locals.user.role)) new AccessDeniedError('Finance role required'),",,[],"Task visibility is a navigation projection, not proof of authorization. Live session, object scope, assignment/delegation, source ownership, state/version and repository guards remain authoritative. Empty extracted_fields means the extractor did not resolve formObject/FormData or schema fields; it does not mean the action accepts no input."
form action,finalize,/app/projects/[id]/closeout,apps/portal/src/routes/app/projects/[id]/closeout/+page.server.ts:473,apps/portal/src/routes/app/projects/[id]/closeout/+page.server.ts:473,project-closeout,/app/projects#project-register,"Canonical Owner, Other Owner, Finance Admin",Project closeout,Selected record/menu context; locate the existing state-dependent control,"if (!writer(locals.user.role)) new AccessDeniedError('Finance role required'),",,[],"Task visibility is a navigation projection, not proof of authorization. Live session, object scope, assignment/delegation, source ownership, state/version and repository guards remain authoritative. Empty extracted_fields means the extractor did not resolve formObject/FormData or schema fields; it does not mean the action accepts no input."
form action,reopen,/app/projects/[id]/closeout,apps/portal/src/routes/app/projects/[id]/closeout/+page.server.ts:502,apps/portal/src/routes/app/projects/[id]/closeout/+page.server.ts:502,management,/app/manage,"Canonical Owner, Other Owner",Project closeout,Register/workspace context; locate the existing control in this workspace,"if (locals.user.role !== 'owner_admin') new AccessDeniedError('Owner role required'),",,[],"Task visibility is a navigation projection, not proof of authorization. Live session, object scope, assignment/delegation, source ownership, state/version and repository guards remain authoritative. Empty extracted_fields means the extractor did not resolve formObject/FormData or schema fields; it does not mean the action accepts no input."
form action,updateReport,/app/reports/[id],apps/portal/src/routes/app/reports/[id]/+page.server.ts:110,apps/portal/src/routes/app/reports/[id]/+page.server.ts:110,report-edit,/app/reports?view=daily#report-panel-daily,"Canonical Owner, Other Owner, Project Manager, Worker, Supplier Coordinator, External Technician",reports workspace,Selected record/menu context; locate the existing state-dependent control,,,[],"Task visibility is a navigation projection, not proof of authorization. Live session, object scope, assignment/delegation, source ownership, state/version and repository guards remain authoritative. Empty extracted_fields means the extractor did not resolve formObject/FormData or schema fields; it does not mean the action accepts no input."
form action,createCorrectionDraft,/app/reports/[id],apps/portal/src/routes/app/reports/[id]/+page.server.ts:199,apps/portal/src/routes/app/reports/[id]/+page.server.ts:199,time-edit,/app/time#time-records,"Canonical Owner, Other Owner, Project Manager, Worker, Supplier Coordinator, External Technician",reports workspace,Selected record/menu context; locate the existing state-dependent control,,,[],"Task visibility is a navigation projection, not proof of authorization. Live session, object scope, assignment/delegation, source ownership, state/version and repository guards remain authoritative. Empty extracted_fields means the extractor did not resolve formObject/FormData or schema fields; it does not mean the action accepts no input."
form action,withdrawCorrectionDraft,/app/reports/[id],apps/portal/src/routes/app/reports/[id]/+page.server.ts:211,apps/portal/src/routes/app/reports/[id]/+page.server.ts:211,time-edit,/app/time#time-records,"Canonical Owner, Other Owner, Project Manager, Worker, Supplier Coordinator, External Technician",reports workspace,Selected record/menu context; locate the existing state-dependent control,,,[],"Task visibility is a navigation projection, not proof of authorization. Live session, object scope, assignment/delegation, source ownership, state/version and repository guards remain authoritative. Empty extracted_fields means the extractor did not resolve formObject/FormData or schema fields; it does not mean the action accepts no input."
form action,submitReport,/app/reports/[id],apps/portal/src/routes/app/reports/[id]/+page.server.ts:223,apps/portal/src/routes/app/reports/[id]/+page.server.ts:223,report-submit,/app/reports?view=daily#report-panel-daily,"Canonical Owner, Other Owner, Project Manager, Worker, Supplier Coordinator, External Technician",reports workspace,Register/workspace context; locate the existing control in this workspace,,,[],"Task visibility is a navigation projection, not proof of authorization. Live session, object scope, assignment/delegation, source ownership, state/version and repository guards remain authoritative. Empty extracted_fields means the extractor did not resolve formObject/FormData or schema fields; it does not mean the action accepts no input."
form action,recordFollowup,/app/reports/period/[id],apps/portal/src/routes/app/reports/period/[id]/+page.server.ts:588,apps/portal/src/routes/app/reports/period/[id]/+page.server.ts:588,ledger-followup,/app/ledger#collections-ledger-register,"Canonical Owner, Other Owner, Finance Admin",reports workspace,Register/workspace context; locate the existing control in this workspace,,,[],"Task visibility is a navigation projection, not proof of authorization. Live session, object scope, assignment/delegation, source ownership, state/version and repository guards remain authoritative. Empty extracted_fields means the extractor did not resolve formObject/FormData or schema fields; it does not mean the action accepts no input."
form action,approve,/app/reports/period/[id],apps/portal/src/routes/app/reports/period/[id]/+page.server.ts:666,apps/portal/src/routes/app/reports/period/[id]/+page.server.ts:666,approval-time; approval-expenses; invoice-approve,/app/approvals?tab=time#approval-queue; /app/approvals?tab=expenses#approval-queue; /app/billing?view=invoices,"Canonical Owner, Other Owner, Finance Admin, Project Manager; Canonical Owner, Other Owner, Finance Admin",reports workspace,Selected record/menu context; locate the existing state-dependent control,,,[],"Task visibility is a navigation projection, not proof of authorization. Live session, object scope, assignment/delegation, source ownership, state/version and repository guards remain authoritative. Empty extracted_fields means the extractor did not resolve formObject/FormData or schema fields; it does not mean the action accepts no input."
form action,sign,/app/reports/period/[id],apps/portal/src/routes/app/reports/period/[id]/+page.server.ts:715,apps/portal/src/routes/app/reports/period/[id]/+page.server.ts:715,report-signature,/app/reports?view=signoff#report-panel-signoff,"Canonical Owner, Other Owner, Project Manager",reports workspace,Register/workspace context; locate the existing control in this workspace,,,[],"Task visibility is a navigation projection, not proof of authorization. Live session, object scope, assignment/delegation, source ownership, state/version and repository guards remain authoritative. Empty extracted_fields means the extractor did not resolve formObject/FormData or schema fields; it does not mean the action accepts no input."
form action,invalidateSignoff,/app/reports/period/[id],apps/portal/src/routes/app/reports/period/[id]/+page.server.ts:1045,apps/portal/src/routes/app/reports/period/[id]/+page.server.ts:1045,report-signature,/app/reports?view=signoff#report-panel-signoff,"Canonical Owner, Other Owner, Project Manager",reports workspace,Register/workspace context; locate the existing control in this workspace,,,[],"Task visibility is a navigation projection, not proof of authorization. Live session, object scope, assignment/delegation, source ownership, state/version and repository guards remain authoritative. Empty extracted_fields means the extractor did not resolve formObject/FormData or schema fields; it does not mean the action accepts no input."
form action,refresh,/app/reports/period/[id],apps/portal/src/routes/app/reports/period/[id]/+page.server.ts:1085,apps/portal/src/routes/app/reports/period/[id]/+page.server.ts:1085,project-closeout,/app/projects#project-register,"Canonical Owner, Other Owner, Finance Admin",reports workspace,Selected record/menu context; locate the existing state-dependent control,,,"[""technicalReportIds""]","Task visibility is a navigation projection, not proof of authorization. Live session, object scope, assignment/delegation, source ownership, state/version and repository guards remain authoritative."
form action,recordFollowup,/app/reports/review,apps/portal/src/routes/app/reports/review/+page.server.ts:684,apps/portal/src/routes/app/reports/review/+page.server.ts:684,ledger-followup,/app/ledger#collections-ledger-register,"Canonical Owner, Other Owner, Finance Admin",reports workspace,Register/workspace context; locate the existing control in this workspace,,,[],"Task visibility is a navigation projection, not proof of authorization. Live session, object scope, assignment/delegation, source ownership, state/version and repository guards remain authoritative. Empty extracted_fields means the extractor did not resolve formObject/FormData or schema fields; it does not mean the action accepts no input."
form action,withdrawLinkedDrafts,/app/time/[id],apps/portal/src/routes/app/time/[id]/+page.server.ts:338,apps/portal/src/routes/app/time/[id]/+page.server.ts:338,expense-discard,/app/expenses#expense-records,"Canonical Owner, Other Owner, Project Manager, Worker, Supplier Coordinator, External Technician",time workspace,Register/workspace context; locate the existing control in this workspace,,,[],"Task visibility is a navigation projection, not proof of authorization. Live session, object scope, assignment/delegation, source ownership, state/version and repository guards remain authoritative. Empty extracted_fields means the extractor did not resolve formObject/FormData or schema fields; it does not mean the action accepts no input."
form action,submitTime,/app/time/[id],apps/portal/src/routes/app/time/[id]/+page.server.ts:345,apps/portal/src/routes/app/time/[id]/+page.server.ts:345,time-submit,/app/time#time-records,"Canonical Owner, Other Owner, Project Manager, Worker, Supplier Coordinator, External Technician",time workspace,Register/workspace context; locate the existing control in this workspace,,,[],"Task visibility is a navigation projection, not proof of authorization. Live session, object scope, assignment/delegation, source ownership, state/version and repository guards remain authoritative. Empty extracted_fields means the extractor did not resolve formObject/FormData or schema fields; it does not mean the action accepts no input."
form action,createCorrectionDraft,/app/time/[id],apps/portal/src/routes/app/time/[id]/+page.server.ts:354,apps/portal/src/routes/app/time/[id]/+page.server.ts:354,time-edit,/app/time#time-records,"Canonical Owner, Other Owner, Project Manager, Worker, Supplier Coordinator, External Technician",time workspace,Selected record/menu context; locate the existing state-dependent control,,,[],"Task visibility is a navigation projection, not proof of authorization. Live session, object scope, assignment/delegation, source ownership, state/version and repository guards remain authoritative. Empty extracted_fields means the extractor did not resolve formObject/FormData or schema fields; it does not mean the action accepts no input."
form action,withdrawCorrectionDraft,/app/time/[id],apps/portal/src/routes/app/time/[id]/+page.server.ts:365,apps/portal/src/routes/app/time/[id]/+page.server.ts:365,time-edit,/app/time#time-records,"Canonical Owner, Other Owner, Project Manager, Worker, Supplier Coordinator, External Technician",time workspace,Selected record/menu context; locate the existing state-dependent control,,,[],"Task visibility is a navigation projection, not proof of authorization. Live session, object scope, assignment/delegation, source ownership, state/version and repository guards remain authoritative. Empty extracted_fields means the extractor did not resolve formObject/FormData or schema fields; it does not mean the action accepts no input."
form action,updateSupplier,/app/supplier,apps/portal/src/routes/app/supplier/+page.server.ts:943,apps/portal/src/routes/app/supplier/+page.server.ts:943,supplier-edit,/app/supplier?workspaceAction=directory#supplier-workspace,"Canonical Owner, Other Owner",supplier workspace,Register/workspace context; locate the existing control in this workspace,,,"[""id"", ""name"", ""contactEmail"", ""phone"", ""address"", ""notes""]","Task visibility is a navigation projection, not proof of authorization. Live session, object scope, assignment/delegation, source ownership, state/version and repository guards remain authoritative. Supplier coordinator is limited to its supplier/project/personnel scope; external technician sees own operational data."
form action,setSupplierStatus,/app/supplier,apps/portal/src/routes/app/supplier/+page.server.ts:953,apps/portal/src/routes/app/supplier/+page.server.ts:953,supplier-edit,/app/supplier?workspaceAction=directory#supplier-workspace,"Canonical Owner, Other Owner",supplier workspace,Register/workspace context; locate the existing control in this workspace,,,"[""confirmed"", ""id"", ""status""]","Task visibility is a navigation projection, not proof of authorization. Live session, object scope, assignment/delegation, source ownership, state/version and repository guards remain authoritative. Supplier coordinator is limited to its supplier/project/personnel scope; external technician sees own operational data."
form action,updateTechnician,/app/supplier,apps/portal/src/routes/app/supplier/+page.server.ts:965,apps/portal/src/routes/app/supplier/+page.server.ts:965,supplier-personnel,/app/supplier?workspaceAction=personnel#supplier-workspace,"Canonical Owner, Other Owner, Supplier Coordinator",supplier workspace,Register/workspace context; locate the existing control in this workspace,,,"[""id"", ""name"", ""email"", ""phone"", ""company"", ""contactName"", ""notes""]","Task visibility is a navigation projection, not proof of authorization. Live session, object scope, assignment/delegation, source ownership, state/version and repository guards remain authoritative. Supplier coordinator is limited to its supplier/project/personnel scope; external technician sees own operational data."
form action,setTechnicianStatus,/app/supplier,apps/portal/src/routes/app/supplier/+page.server.ts:976,apps/portal/src/routes/app/supplier/+page.server.ts:976,supplier-personnel,/app/supplier?workspaceAction=personnel#supplier-workspace,"Canonical Owner, Other Owner, Supplier Coordinator",supplier workspace,Register/workspace context; locate the existing control in this workspace,,,"[""confirmed"", ""id"", ""status""]","Task visibility is a navigation projection, not proof of authorization. Live session, object scope, assignment/delegation, source ownership, state/version and repository guards remain authoritative. Supplier coordinator is limited to its supplier/project/personnel scope; external technician sees own operational data."
form action,createSupplier,/app/supplier,apps/portal/src/routes/app/supplier/+page.server.ts:934,apps/portal/src/routes/app/supplier/+page.server.ts:934,supplier-create,/app/supplier?workspaceAction=setup#supplier-workspace,"Canonical Owner, Other Owner",supplier workspace,Register/workspace context; locate the existing control in this workspace,,,"[""name"", ""contactEmail"", ""phone"", ""address"", ""notes""]","Task visibility is a navigation projection, not proof of authorization. Live session, object scope, assignment/delegation, source ownership, state/version and repository guards remain authoritative. Supplier coordinator is limited to its supplier/project/personnel scope; external technician sees own operational data."
form action,setProfile,/app/supplier,apps/portal/src/routes/app/supplier/+page.server.ts:991,apps/portal/src/routes/app/supplier/+page.server.ts:991,profile-security,/app/profile#account-mfa,"Canonical Owner, Other Owner, Finance Admin, Project Manager, Worker, Supplier Coordinator, External Technician, Read-only Auditor",supplier workspace,Register/workspace context; locate the existing control in this workspace,,,"[""profile"", ""userId"", ""supplierId""]","Task visibility is a navigation projection, not proof of authorization. Live session, object scope, assignment/delegation, source ownership, state/version and repository guards remain authoritative. Supplier coordinator is limited to its supplier/project/personnel scope; external technician sees own operational data."
form action,grant,/app/supplier,apps/portal/src/routes/app/supplier/+page.server.ts:1009,apps/portal/src/routes/app/supplier/+page.server.ts:1009,crew-delegate,/app/crew#crew-assign,"Canonical Owner, Other Owner",supplier workspace,Register/workspace context; locate the existing control in this workspace,,,"[""supplierId"", ""projectId"", ""coordinatorId"", ""startsOn"", ""endsOn""]","Task visibility is a navigation projection, not proof of authorization. Live session, object scope, assignment/delegation, source ownership, state/version and repository guards remain authoritative. Supplier coordinator is limited to its supplier/project/personnel scope; external technician sees own operational data."
form action,revoke,/app/supplier,apps/portal/src/routes/app/supplier/+page.server.ts:1018,apps/portal/src/routes/app/supplier/+page.server.ts:1018,crew-delegate,/app/crew#crew-assign,"Canonical Owner, Other Owner",supplier workspace,Register/workspace context; locate the existing control in this workspace,,,"[""id""]","Task visibility is a navigation projection, not proof of authorization. Live session, object scope, assignment/delegation, source ownership, state/version and repository guards remain authoritative. Supplier coordinator is limited to its supplier/project/personnel scope; external technician sees own operational data."
form action,addTechnician,/app/supplier,apps/portal/src/routes/app/supplier/+page.server.ts:1021,apps/portal/src/routes/app/supplier/+page.server.ts:1021,supplier-personnel,/app/supplier?workspaceAction=personnel#supplier-workspace,"Canonical Owner, Other Owner, Supplier Coordinator",supplier workspace,Register/workspace context; locate the existing control in this workspace,,,"[""supplierId"", ""projectId"", ""name"", ""email"", ""phone"", ""company"", ""contactName"", ""notes"", ""startsOn"", ""endsOn""]","Task visibility is a navigation projection, not proof of authorization. Live session, object scope, assignment/delegation, source ownership, state/version and repository guards remain authoritative. Supplier coordinator is limited to its supplier/project/personnel scope; external technician sees own operational data."
form action,assignTechnician,/app/supplier,apps/portal/src/routes/app/supplier/+page.server.ts:1035,apps/portal/src/routes/app/supplier/+page.server.ts:1035,supplier-authorize,/app/supplier?workspaceAction=authorize#supplier-workspace,"Canonical Owner, Other Owner",supplier workspace,Register/workspace context; locate the existing control in this workspace,,,"[""workerId"", ""projectId"", ""startsOn"", ""endsOn""]","Task visibility is a navigation projection, not proof of authorization. Live session, object scope, assignment/delegation, source ownership, state/version and repository guards remain authoritative. Supplier coordinator is limited to its supplier/project/personnel scope; external technician sees own operational data."
form action,createTime,/app/supplier,apps/portal/src/routes/app/supplier/+page.server.ts:1043,apps/portal/src/routes/app/supplier/+page.server.ts:1043,time-create,/app/time?action=log-time,"Canonical Owner, Other Owner, Project Manager, Worker, Supplier Coordinator, External Technician",supplier workspace,Exact existing form/surface or selected configuration section; record scope and permission may still be required,,,"[""workerId"", ""projectId"", ""workDate"", ""category"", ""minutes"", ""summary""]","Task visibility is a navigation projection, not proof of authorization. Live session, object scope, assignment/delegation, source ownership, state/version and repository guards remain authoritative. Supplier coordinator is limited to its supplier/project/personnel scope; external technician sees own operational data."
form action,createTimeBatch,/app/supplier,apps/portal/src/routes/app/supplier/+page.server.ts:1053,apps/portal/src/routes/app/supplier/+page.server.ts:1053,supplier-time; time-batch,/app/supplier?workspaceAction=time#supplier-workspace; /app/time?batch=1#time-owner-batch-title,"Canonical Owner, Other Owner, Supplier Coordinator; Canonical Owner, Other Owner",supplier workspace,Register/workspace context; locate the existing control in this workspace,,,"[""workerIds"", ""batchMode"", ""workerHours"", ""requestId"", ""projectId"", ""workDate"", ""category"", ""summary""]","Task visibility is a navigation projection, not proof of authorization. Live session, object scope, assignment/delegation, source ownership, state/version and repository guards remain authoritative. Supplier coordinator is limited to its supplier/project/personnel scope; external technician sees own operational data."
form action,submitTime,/app/supplier,apps/portal/src/routes/app/supplier/+page.server.ts:1137,apps/portal/src/routes/app/supplier/+page.server.ts:1137,time-submit,/app/time#time-records,"Canonical Owner, Other Owner, Project Manager, Worker, Supplier Coordinator, External Technician",supplier workspace,Register/workspace context; locate the existing control in this workspace,,,"[""id"", ""version""]","Task visibility is a navigation projection, not proof of authorization. Live session, object scope, assignment/delegation, source ownership, state/version and repository guards remain authoritative. Supplier coordinator is limited to its supplier/project/personnel scope; external technician sees own operational data."
form action,submitTimeBatch,/app/supplier,apps/portal/src/routes/app/supplier/+page.server.ts:1143,apps/portal/src/routes/app/supplier/+page.server.ts:1143,time-batch,/app/time?batch=1#time-owner-batch-title,"Canonical Owner, Other Owner",supplier workspace,Register/workspace context; locate the existing control in this workspace,,,"[""entries""]","Task visibility is a navigation projection, not proof of authorization. Live session, object scope, assignment/delegation, source ownership, state/version and repository guards remain authoritative. Supplier coordinator is limited to its supplier/project/personnel scope; external technician sees own operational data."
form action,updateTime,/app/supplier,apps/portal/src/routes/app/supplier/+page.server.ts:1165,apps/portal/src/routes/app/supplier/+page.server.ts:1165,time-edit,/app/time#time-records,"Canonical Owner, Other Owner, Project Manager, Worker, Supplier Coordinator, External Technician",supplier workspace,Selected record/menu context; locate the existing state-dependent control,,,"[""durationMode"", ""id"", ""version"", ""workDate"", ""category"", ""summary""]","Task visibility is a navigation projection, not proof of authorization. Live session, object scope, assignment/delegation, source ownership, state/version and repository guards remain authoritative. Supplier coordinator is limited to its supplier/project/personnel scope; external technician sees own operational data."
form action,discardTime,/app/supplier,apps/portal/src/routes/app/supplier/+page.server.ts:1181,apps/portal/src/routes/app/supplier/+page.server.ts:1181,time-discard,/app/time#time-records,"Canonical Owner, Other Owner, Project Manager, Worker, Supplier Coordinator, External Technician",supplier workspace,Register/workspace context; locate the existing control in this workspace,,,"[""id"", ""version""]","Task visibility is a navigation projection, not proof of authorization. Live session, object scope, assignment/delegation, source ownership, state/version and repository guards remain authoritative. Supplier coordinator is limited to its supplier/project/personnel scope; external technician sees own operational data."
form action,correctTime,/app/supplier,apps/portal/src/routes/app/supplier/+page.server.ts:1117,apps/portal/src/routes/app/supplier/+page.server.ts:1117,time-edit,/app/time#time-records,"Canonical Owner, Other Owner, Project Manager, Worker, Supplier Coordinator, External Technician",supplier workspace,Selected record/menu context; locate the existing state-dependent control,,,"[""durationMode"", ""id"", ""requestId"", ""reason"", ""workDate"", ""category"", ""summary""]","Task visibility is a navigation projection, not proof of authorization. Live session, object scope, assignment/delegation, source ownership, state/version and repository guards remain authoritative. Supplier coordinator is limited to its supplier/project/personnel scope; external technician sees own operational data."
HTTP endpoint,POST,/api/public/aquarex,apps/portal/src/routes/api/public/aquarex/+server.ts:4,,,,No direct task mapping; inspect source guard,"Public website inquiry, outside authenticated app",No direct assistant form: API/internal/authentication or source-only route,,,[],"Task visibility is a navigation projection, not proof of authorization. Live session, object scope, assignment/delegation, source ownership, state/version and repository guards remain authoritative. API/download/job/sync routes are inventory only, not independent assistant commands. Outside ordinary authenticated user actions. Empty extracted_fields means the extractor did not resolve formObject/FormData or schema fields; it does not mean the action accepts no input."
HTTP endpoint,POST,/api/public/career-interest,apps/portal/src/routes/api/public/career-interest/+server.ts:4,,,,No direct task mapping; inspect source guard,"Public website inquiry, outside authenticated app",No direct assistant form: API/internal/authentication or source-only route,,,[],"Task visibility is a navigation projection, not proof of authorization. Live session, object scope, assignment/delegation, source ownership, state/version and repository guards remain authoritative. API/download/job/sync routes are inventory only, not independent assistant commands. Outside ordinary authenticated user actions. Empty extracted_fields means the extractor did not resolve formObject/FormData or schema fields; it does not mean the action accepts no input."
HTTP endpoint,POST,/api/public/contact,apps/portal/src/routes/api/public/contact/+server.ts:4,,,,No direct task mapping; inspect source guard,"Public website inquiry, outside authenticated app",No direct assistant form: API/internal/authentication or source-only route,,,[],"Task visibility is a navigation projection, not proof of authorization. Live session, object scope, assignment/delegation, source ownership, state/version and repository guards remain authoritative. API/download/job/sync routes are inventory only, not independent assistant commands. Outside ordinary authenticated user actions. Empty extracted_fields means the extractor did not resolve formObject/FormData or schema fields; it does not mean the action accepts no input."
HTTP endpoint,POST,/api/public/inquiry,apps/portal/src/routes/api/public/inquiry/+server.ts:5,,,,No direct task mapping; inspect source guard,"Public website inquiry, outside authenticated app",No direct assistant form: API/internal/authentication or source-only route,,,[],"Task visibility is a navigation projection, not proof of authorization. Live session, object scope, assignment/delegation, source ownership, state/version and repository guards remain authoritative. API/download/job/sync routes are inventory only, not independent assistant commands. Outside ordinary authenticated user actions. Empty extracted_fields means the extractor did not resolve formObject/FormData or schema fields; it does not mean the action accepts no input."
HTTP endpoint,POST,/api/public/support,apps/portal/src/routes/api/public/support/+server.ts:5,,,,No direct task mapping; inspect source guard,"Public website inquiry, outside authenticated app",No direct assistant form: API/internal/authentication or source-only route,,,[],"Task visibility is a navigation projection, not proof of authorization. Live session, object scope, assignment/delegation, source ownership, state/version and repository guards remain authoritative. API/download/job/sync routes are inventory only, not independent assistant commands. Outside ordinary authenticated user actions. Empty extracted_fields means the extractor did not resolve formObject/FormData or schema fields; it does not mean the action accepts no input."
HTTP endpoint,GET,/app/api/accounting-pack/[id]/[type],apps/portal/src/routes/app/api/accounting-pack/[id]/[type]/+server.ts:14,,,/app/accounting,No direct task mapping; inspect source guard,accounting workspace,No direct assistant form: API/internal/authentication or source-only route,,,[],"Task visibility is a navigation projection, not proof of authorization. Live session, object scope, assignment/delegation, source ownership, state/version and repository guards remain authoritative. API/download/job/sync routes are inventory only, not independent assistant commands. Empty extracted_fields means the extractor did not resolve formObject/FormData or schema fields; it does not mean the action accepts no input."
HTTP endpoint,POST,/app/api/accounting-pack/[id]/[type]/retry,apps/portal/src/routes/app/api/accounting-pack/[id]/[type]/retry/+server.ts:33,,,/app/accounting,No direct task mapping; inspect source guard,accounting workspace,No direct assistant form: API/internal/authentication or source-only route,,,[],"Task visibility is a navigation projection, not proof of authorization. Live session, object scope, assignment/delegation, source ownership, state/version and repository guards remain authoritative. API/download/job/sync routes are inventory only, not independent assistant commands. Empty extracted_fields means the extractor did not resolve formObject/FormData or schema fields; it does not mean the action accepts no input."
HTTP endpoint,GET,/app/api/billing/readiness,apps/portal/src/routes/app/api/billing/readiness/+server.ts:56,,,/app/billing,No direct task mapping; inspect source guard,billing workspace,No direct assistant form: API/internal/authentication or source-only route,,,[],"Task visibility is a navigation projection, not proof of authorization. Live session, object scope, assignment/delegation, source ownership, state/version and repository guards remain authoritative. Draft, approved, issued and paid states expose different controls; issued history uses void/credit/adjustment, never silent edits. API/download/job/sync routes are inventory only, not independent assistant commands. Empty extracted_fields means the extractor did not resolve formObject/FormData or schema fields; it does not mean the action accepts no input."
HTTP endpoint,GET,/app/api/documents/[id],apps/portal/src/routes/app/api/documents/[id]/+server.ts:11,,,/app/documents,No direct task mapping; inspect source guard,documents workspace,No direct assistant form: API/internal/authentication or source-only route,,,[],"Task visibility is a navigation projection, not proof of authorization. Live session, object scope, assignment/delegation, source ownership, state/version and repository guards remain authoritative. API/download/job/sync routes are inventory only, not independent assistant commands. Empty extracted_fields means the extractor did not resolve formObject/FormData or schema fields; it does not mean the action accepts no input."
HTTP endpoint,POST,/app/api/documents/[id]/scan,apps/portal/src/routes/app/api/documents/[id]/scan/+server.ts:8,,,/app/documents,No direct task mapping; inspect source guard,documents workspace,No direct assistant form: API/internal/authentication or source-only route,,,[],"Task visibility is a navigation projection, not proof of authorization. Live session, object scope, assignment/delegation, source ownership, state/version and repository guards remain authoritative. API/download/job/sync routes are inventory only, not independent assistant commands. Empty extracted_fields means the extractor did not resolve formObject/FormData or schema fields; it does not mean the action accepts no input."
HTTP endpoint,GET,/app/api/expenses/crew-workers,apps/portal/src/routes/app/api/expenses/crew-workers/+server.ts:15,,,/app/expenses,No direct task mapping; inspect source guard,expenses workspace,No direct assistant form: API/internal/authentication or source-only route,,,[],"Task visibility is a navigation projection, not proof of authorization. Live session, object scope, assignment/delegation, source ownership, state/version and repository guards remain authoritative. Worker entry requires an active crew-chief delegation on the work date; owner delegation management is separate. API/download/job/sync routes are inventory only, not independent assistant commands. Empty extracted_fields means the extractor did not resolve formObject/FormData or schema fields; it does not mean the action accepts no input."
HTTP endpoint,GET,/app/api/expenses/description-default,apps/portal/src/routes/app/api/expenses/description-default/+server.ts:99,,,/app/expenses,No direct task mapping; inspect source guard,expenses workspace,No direct assistant form: API/internal/authentication or source-only route,,,[],"Task visibility is a navigation projection, not proof of authorization. Live session, object scope, assignment/delegation, source ownership, state/version and repository guards remain authoritative. API/download/job/sync routes are inventory only, not independent assistant commands. Empty extracted_fields means the extractor did not resolve formObject/FormData or schema fields; it does not mean the action accepts no input."
HTTP endpoint,GET,/app/api/expenses/time-options,apps/portal/src/routes/app/api/expenses/time-options/+server.ts:20,,,/app/expenses,No direct task mapping; inspect source guard,expenses workspace,No direct assistant form: API/internal/authentication or source-only route,,,[],"Task visibility is a navigation projection, not proof of authorization. Live session, object scope, assignment/delegation, source ownership, state/version and repository guards remain authoritative. API/download/job/sync routes are inventory only, not independent assistant commands. Empty extracted_fields means the extractor did not resolve formObject/FormData or schema fields; it does not mean the action accepts no input."
HTTP endpoint,GET,/app/api/health,apps/portal/src/routes/app/api/health/+server.ts:5,,,,No direct task mapping; inspect source guard,Source/repository guard decides access,No direct assistant form: API/internal/authentication or source-only route,,,[],"Task visibility is a navigation projection, not proof of authorization. Live session, object scope, assignment/delegation, source ownership, state/version and repository guards remain authoritative. API/download/job/sync routes are inventory only, not independent assistant commands. Empty extracted_fields means the extractor did not resolve formObject/FormData or schema fields; it does not mean the action accepts no input."
HTTP endpoint,POST,/app/api/internal/outbox-delivery,apps/portal/src/routes/app/api/internal/outbox-delivery/+server.ts:17,,,,No direct task mapping; inspect source guard,"Internal service endpoint, no user command",No direct assistant form: API/internal/authentication or source-only route,,,[],"Task visibility is a navigation projection, not proof of authorization. Live session, object scope, assignment/delegation, source ownership, state/version and repository guards remain authoritative. API/download/job/sync routes are inventory only, not independent assistant commands. Outside ordinary authenticated user actions. Empty extracted_fields means the extractor did not resolve formObject/FormData or schema fields; it does not mean the action accepts no input."
HTTP endpoint,POST,/app/api/invitations/accept,apps/portal/src/routes/app/api/invitations/accept/+server.ts:78,,,,No direct task mapping; inspect source guard,Source/repository guard decides access,No direct assistant form: API/internal/authentication or source-only route,,,[],"Task visibility is a navigation projection, not proof of authorization. Live session, object scope, assignment/delegation, source ownership, state/version and repository guards remain authoritative. API/download/job/sync routes are inventory only, not independent assistant commands. Empty extracted_fields means the extractor did not resolve formObject/FormData or schema fields; it does not mean the action accepts no input."
HTTP endpoint,GET,/app/api/invoice-collection-ledger/[format],apps/portal/src/routes/app/api/invoice-collection-ledger/[format]/+server.ts:153,,,,No direct task mapping; inspect source guard,Source/repository guard decides access,No direct assistant form: API/internal/authentication or source-only route,,,[],"Task visibility is a navigation projection, not proof of authorization. Live session, object scope, assignment/delegation, source ownership, state/version and repository guards remain authoritative. API/download/job/sync routes are inventory only, not independent assistant commands. Empty extracted_fields means the extractor did not resolve formObject/FormData or schema fields; it does not mean the action accepts no input."
HTTP endpoint,GET,/app/api/invoices/[id]/draft-preview,apps/portal/src/routes/app/api/invoices/[id]/draft-preview/+server.ts:162,,,,No direct task mapping; inspect source guard,Source/repository guard decides access,No direct assistant form: API/internal/authentication or source-only route,,,[],"Task visibility is a navigation projection, not proof of authorization. Live session, object scope, assignment/delegation, source ownership, state/version and repository guards remain authoritative. API/download/job/sync routes are inventory only, not independent assistant commands. Empty extracted_fields means the extractor did not resolve formObject/FormData or schema fields; it does not mean the action accepts no input."
HTTP endpoint,GET,/app/api/invoices/[id]/pdf,apps/portal/src/routes/app/api/invoices/[id]/pdf/+server.ts:6,,,,No direct task mapping; inspect source guard,Source/repository guard decides access,No direct assistant form: API/internal/authentication or source-only route,,,[],"Task visibility is a navigation projection, not proof of authorization. Live session, object scope, assignment/delegation, source ownership, state/version and repository guards remain authoritative. API/download/job/sync routes are inventory only, not independent assistant commands. Empty extracted_fields means the extractor did not resolve formObject/FormData or schema fields; it does not mean the action accepts no input."
HTTP endpoint,GET,/app/api/localized-pdf,apps/portal/src/routes/app/api/localized-pdf/+server.ts:24,,,,No direct task mapping; inspect source guard,Source/repository guard decides access,No direct assistant form: API/internal/authentication or source-only route,,,[],"Task visibility is a navigation projection, not proof of authorization. Live session, object scope, assignment/delegation, source ownership, state/version and repository guards remain authoritative. API/download/job/sync routes are inventory only, not independent assistant commands. Empty extracted_fields means the extractor did not resolve formObject/FormData or schema fields; it does not mean the action accepts no input."
HTTP endpoint,POST,/app/api/localized-pdf,apps/portal/src/routes/app/api/localized-pdf/+server.ts:58,,,,No direct task mapping; inspect source guard,Source/repository guard decides access,No direct assistant form: API/internal/authentication or source-only route,,,[],"Task visibility is a navigation projection, not proof of authorization. Live session, object scope, assignment/delegation, source ownership, state/version and repository guards remain authoritative. API/download/job/sync routes are inventory only, not independent assistant commands. Empty extracted_fields means the extractor did not resolve formObject/FormData or schema fields; it does not mean the action accepts no input."
HTTP endpoint,GET,/app/api/localized-pdf/[variantId]/download,apps/portal/src/routes/app/api/localized-pdf/[variantId]/download/+server.ts:90,,,,No direct task mapping; inspect source guard,Source/repository guard decides access,No direct assistant form: API/internal/authentication or source-only route,,,[],"Task visibility is a navigation projection, not proof of authorization. Live session, object scope, assignment/delegation, source ownership, state/version and repository guards remain authoritative. API/download/job/sync routes are inventory only, not independent assistant commands. Empty extracted_fields means the extractor did not resolve formObject/FormData or schema fields; it does not mean the action accepts no input."
HTTP endpoint,POST,/app/api/localized-pdf/[variantId]/retry,apps/portal/src/routes/app/api/localized-pdf/[variantId]/retry/+server.ts:11,,,,No direct task mapping; inspect source guard,Source/repository guard decides access,No direct assistant form: API/internal/authentication or source-only route,,,[],"Task visibility is a navigation projection, not proof of authorization. Live session, object scope, assignment/delegation, source ownership, state/version and repository guards remain authoritative. API/download/job/sync routes are inventory only, not independent assistant commands. Empty extracted_fields means the extractor did not resolve formObject/FormData or schema fields; it does not mean the action accepts no input."
HTTP endpoint,GET,/app/api/offline/identity,apps/portal/src/routes/app/api/offline/identity/+server.ts:46,,,/app/time,No direct task mapping; inspect source guard,"Operational sync, not a chatbot action",No direct assistant form: API/internal/authentication or source-only route,,,[],"Task visibility is a navigation projection, not proof of authorization. Live session, object scope, assignment/delegation, source ownership, state/version and repository guards remain authoritative. API/download/job/sync routes are inventory only, not independent assistant commands. Empty extracted_fields means the extractor did not resolve formObject/FormData or schema fields; it does not mean the action accepts no input."
HTTP endpoint,POST,/app/api/offline/identity/verify,apps/portal/src/routes/app/api/offline/identity/verify/+server.ts:26,,,/app/time,No direct task mapping; inspect source guard,"Operational sync, not a chatbot action",No direct assistant form: API/internal/authentication or source-only route,,,[],"Task visibility is a navigation projection, not proof of authorization. Live session, object scope, assignment/delegation, source ownership, state/version and repository guards remain authoritative. API/download/job/sync routes are inventory only, not independent assistant commands. Empty extracted_fields means the extractor did not resolve formObject/FormData or schema fields; it does not mean the action accepts no input."
HTTP endpoint,GET,/app/api/projects/[id]/finance-export,apps/portal/src/routes/app/api/projects/[id]/finance-export/+server.ts:174,,,/app/projects,No direct task mapping; inspect source guard,projects workspace,No direct assistant form: API/internal/authentication or source-only route,,,[],"Task visibility is a navigation projection, not proof of authorization. Live session, object scope, assignment/delegation, source ownership, state/version and repository guards remain authoritative. API/download/job/sync routes are inventory only, not independent assistant commands. Empty extracted_fields means the extractor did not resolve formObject/FormData or schema fields; it does not mean the action accepts no input."
HTTP endpoint,GET,/app/api/projects/closeout/artifact/[artifactId],apps/portal/src/routes/app/api/projects/closeout/artifact/[artifactId]/+server.ts:3,,,/app/projects,No direct task mapping; inspect source guard,Project closeout,No direct assistant form: API/internal/authentication or source-only route,,,[],"Task visibility is a navigation projection, not proof of authorization. Live session, object scope, assignment/delegation, source ownership, state/version and repository guards remain authoritative. API/download/job/sync routes are inventory only, not independent assistant commands. Empty extracted_fields means the extractor did not resolve formObject/FormData or schema fields; it does not mean the action accepts no input."
HTTP endpoint,GET,/app/api/projects/closeout/artifacts/[revisionId],apps/portal/src/routes/app/api/projects/closeout/artifacts/[revisionId]/+server.ts:3,,,/app/projects,No direct task mapping; inspect source guard,Project closeout,No direct assistant form: API/internal/authentication or source-only route,,,[],"Task visibility is a navigation projection, not proof of authorization. Live session, object scope, assignment/delegation, source ownership, state/version and repository guards remain authoritative. API/download/job/sync routes are inventory only, not independent assistant commands. Empty extracted_fields means the extractor did not resolve formObject/FormData or schema fields; it does not mean the action accepts no input."
HTTP endpoint,POST,/app/api/reports/[id]/attachments,apps/portal/src/routes/app/api/reports/[id]/attachments/+server.ts:27,,,/app/reports,No direct task mapping; inspect source guard,reports workspace,No direct assistant form: API/internal/authentication or source-only route,,,[],"Task visibility is a navigation projection, not proof of authorization. Live session, object scope, assignment/delegation, source ownership, state/version and repository guards remain authoritative. API/download/job/sync routes are inventory only, not independent assistant commands. Empty extracted_fields means the extractor did not resolve formObject/FormData or schema fields; it does not mean the action accepts no input."
HTTP endpoint,GET,/app/api/reports/[id]/attachments/[documentId],apps/portal/src/routes/app/api/reports/[id]/attachments/[documentId]/+server.ts:153,,,/app/reports,No direct task mapping; inspect source guard,reports workspace,No direct assistant form: API/internal/authentication or source-only route,,,[],"Task visibility is a navigation projection, not proof of authorization. Live session, object scope, assignment/delegation, source ownership, state/version and repository guards remain authoritative. API/download/job/sync routes are inventory only, not independent assistant commands. Empty extracted_fields means the extractor did not resolve formObject/FormData or schema fields; it does not mean the action accepts no input."
HTTP endpoint,POST,/app/api/reports/[id]/attachments/[documentId]/cancel,apps/portal/src/routes/app/api/reports/[id]/attachments/[documentId]/cancel/+server.ts:12,,,/app/reports,No direct task mapping; inspect source guard,reports workspace,No direct assistant form: API/internal/authentication or source-only route,,,[],"Task visibility is a navigation projection, not proof of authorization. Live session, object scope, assignment/delegation, source ownership, state/version and repository guards remain authoritative. API/download/job/sync routes are inventory only, not independent assistant commands. Empty extracted_fields means the extractor did not resolve formObject/FormData or schema fields; it does not mean the action accepts no input."
HTTP endpoint,GET,/app/api/reports/[id]/pdf,apps/portal/src/routes/app/api/reports/[id]/pdf/+server.ts:9,,,/app/reports,No direct task mapping; inspect source guard,reports workspace,No direct assistant form: API/internal/authentication or source-only route,,,[],"Task visibility is a navigation projection, not proof of authorization. Live session, object scope, assignment/delegation, source ownership, state/version and repository guards remain authoritative. API/download/job/sync routes are inventory only, not independent assistant commands. Empty extracted_fields means the extractor did not resolve formObject/FormData or schema fields; it does not mean the action accepts no input."
HTTP endpoint,POST,/app/api/security/mfa,apps/portal/src/routes/app/api/security/mfa/+server.ts:316,,,/app/profile#account-mfa,No direct task mapping; inspect source guard,Own account security,No direct assistant form: API/internal/authentication or source-only route,,,[],"Task visibility is a navigation projection, not proof of authorization. Live session, object scope, assignment/delegation, source ownership, state/version and repository guards remain authoritative. API/download/job/sync routes are inventory only, not independent assistant commands. Empty extracted_fields means the extractor did not resolve formObject/FormData or schema fields; it does not mean the action accepts no input."
HTTP endpoint,POST,/app/api/sync,apps/portal/src/routes/app/api/sync/+server.ts:6,,,/app/time,No direct task mapping; inspect source guard,"Operational sync, not a chatbot action",No direct assistant form: API/internal/authentication or source-only route,,,[],"Task visibility is a navigation projection, not proof of authorization. Live session, object scope, assignment/delegation, source ownership, state/version and repository guards remain authoritative. API/download/job/sync routes are inventory only, not independent assistant commands. Empty extracted_fields means the extractor did not resolve formObject/FormData or schema fields; it does not mean the action accepts no input."
HTTP endpoint,POST,/app/api/sync/attachment,apps/portal/src/routes/app/api/sync/attachment/+server.ts:15,,,/app/time,No direct task mapping; inspect source guard,"Operational sync, not a chatbot action",No direct assistant form: API/internal/authentication or source-only route,,,[],"Task visibility is a navigation projection, not proof of authorization. Live session, object scope, assignment/delegation, source ownership, state/version and repository guards remain authoritative. API/download/job/sync routes are inventory only, not independent assistant commands. Empty extracted_fields means the extractor did not resolve formObject/FormData or schema fields; it does not mean the action accepts no input."
HTTP endpoint,GET,/app/api/worker-statement,apps/portal/src/routes/app/api/worker-statement/+server.ts:19,,,/app/pay#pay-export-title,No direct task mapping; inspect source guard,Own worker statement or permitted finance export,No direct assistant form: API/internal/authentication or source-only route,,,[],"Task visibility is a navigation projection, not proof of authorization. Live session, object scope, assignment/delegation, source ownership, state/version and repository guards remain authoritative. API/download/job/sync routes are inventory only, not independent assistant commands. Empty extracted_fields means the extractor did not resolve formObject/FormData or schema fields; it does not mean the action accepts no input."
HTTP endpoint,POST,/app/api/worker-statement,apps/portal/src/routes/app/api/worker-statement/+server.ts:68,,,/app/pay#pay-export-title,No direct task mapping; inspect source guard,Own worker statement or permitted finance export,No direct assistant form: API/internal/authentication or source-only route,,,[],"Task visibility is a navigation projection, not proof of authorization. Live session, object scope, assignment/delegation, source ownership, state/version and repository guards remain authoritative. API/download/job/sync routes are inventory only, not independent assistant commands. Empty extracted_fields means the extractor did not resolve formObject/FormData or schema fields; it does not mean the action accepts no input."
HTTP endpoint,GET,/app/api/worker-statement/[format],apps/portal/src/routes/app/api/worker-statement/[format]/+server.ts:33,,,/app/pay#pay-export-title,No direct task mapping; inspect source guard,Own worker statement or permitted finance export,No direct assistant form: API/internal/authentication or source-only route,,,[],"Task visibility is a navigation projection, not proof of authorization. Live session, object scope, assignment/delegation, source ownership, state/version and repository guards remain authoritative. API/download/job/sync routes are inventory only, not independent assistant commands. Empty extracted_fields means the extractor did not resolve formObject/FormData or schema fields; it does not mean the action accepts no input."
HTTP endpoint,GET,/app/api/worker-statement/artifacts/[artifactId],apps/portal/src/routes/app/api/worker-statement/artifacts/[artifactId]/+server.ts:22,,,/app/pay#pay-export-title,No direct task mapping; inspect source guard,Own worker statement or permitted finance export,No direct assistant form: API/internal/authentication or source-only route,,,[],"Task visibility is a navigation projection, not proof of authorization. Live session, object scope, assignment/delegation, source ownership, state/version and repository guards remain authoritative. API/download/job/sync routes are inventory only, not independent assistant commands. Empty extracted_fields means the extractor did not resolve formObject/FormData or schema fields; it does not mean the action accepts no input."
HTTP endpoint,GET,/app/api/worker-statement/artifacts/[artifactId]/download,apps/portal/src/routes/app/api/worker-statement/artifacts/[artifactId]/download/+server.ts:38,,,/app/pay#pay-export-title,No direct task mapping; inspect source guard,Own worker statement or permitted finance export,No direct assistant form: API/internal/authentication or source-only route,,,[],"Task visibility is a navigation projection, not proof of authorization. Live session, object scope, assignment/delegation, source ownership, state/version and repository guards remain authoritative. API/download/job/sync routes are inventory only, not independent assistant commands. Empty extracted_fields means the extractor did not resolve formObject/FormData or schema fields; it does not mean the action accepts no input."
HTTP endpoint,POST,/app/api/worker-statement/artifacts/[artifactId]/retry,apps/portal/src/routes/app/api/worker-statement/artifacts/[artifactId]/retry/+server.ts:25,,,/app/pay#pay-export-title,No direct task mapping; inspect source guard,Own worker statement or permitted finance export,No direct assistant form: API/internal/authentication or source-only route,,,[],"Task visibility is a navigation projection, not proof of authorization. Live session, object scope, assignment/delegation, source ownership, state/version and repository guards remain authoritative. API/download/job/sync routes are inventory only, not independent assistant commands. Empty extracted_fields means the extractor did not resolve formObject/FormData or schema fields; it does not mean the action accepts no input."
HTTP endpoint,GET,/app/billing/invoices/[id]/preview-style,apps/portal/src/routes/app/billing/invoices/[id]/preview-style/+server.ts:6,,,/app/billing,No direct task mapping; inspect source guard,billing workspace,No direct assistant form: API/internal/authentication or source-only route,,,[],"Task visibility is a navigation projection, not proof of authorization. Live session, object scope, assignment/delegation, source ownership, state/version and repository guards remain authoritative. Draft, approved, issued and paid states expose different controls; issued history uses void/credit/adjustment, never silent edits. API/download/job/sync routes are inventory only, not independent assistant commands. Empty extracted_fields means the extractor did not resolve formObject/FormData or schema fields; it does not mean the action accepts no input."
HTTP endpoint,GET,/app/documents/[id],apps/portal/src/routes/app/documents/[id]/+server.ts:11,,,/app/documents,No direct task mapping; inspect source guard,documents workspace,No direct assistant form: API/internal/authentication or source-only route,,,[],"Task visibility is a navigation projection, not proof of authorization. Live session, object scope, assignment/delegation, source ownership, state/version and repository guards remain authoritative. API/download/job/sync routes are inventory only, not independent assistant commands. Empty extracted_fields means the extractor did not resolve formObject/FormData or schema fields; it does not mean the action accepts no input."
HTTP endpoint,GET,/app/expenses/export,apps/portal/src/routes/app/expenses/export/+server.ts:176,,,/app/expenses,No direct task mapping; inspect source guard,expenses workspace,No direct assistant form: API/internal/authentication or source-only route,,,[],"Task visibility is a navigation projection, not proof of authorization. Live session, object scope, assignment/delegation, source ownership, state/version and repository guards remain authoritative. API/download/job/sync routes are inventory only, not independent assistant commands. Empty extracted_fields means the extractor did not resolve formObject/FormData or schema fields; it does not mean the action accepts no input."
HTTP endpoint,GET,/app/help/[manual]/download,apps/portal/src/routes/app/help/[manual]/download/+server.ts:94,,,,No direct task mapping; inspect source guard,Source/repository guard decides access,No direct assistant form: API/internal/authentication or source-only route,,,[],"Task visibility is a navigation projection, not proof of authorization. Live session, object scope, assignment/delegation, source ownership, state/version and repository guards remain authoritative. API/download/job/sync routes are inventory only, not independent assistant commands. Empty extracted_fields means the extractor did not resolve formObject/FormData or schema fields; it does not mean the action accepts no input."
HTTP endpoint,GET,/app/manifest.webmanifest,apps/portal/src/routes/app/manifest.webmanifest/+server.ts:3,,,,No direct task mapping; inspect source guard,Source/repository guard decides access,No direct assistant form: API/internal/authentication or source-only route,,,[],"Task visibility is a navigation projection, not proof of authorization. Live session, object scope, assignment/delegation, source ownership, state/version and repository guards remain authoritative. API/download/job/sync routes are inventory only, not independent assistant commands. Empty extracted_fields means the extractor did not resolve formObject/FormData or schema fields; it does not mean the action accepts no input."
HTTP endpoint,GET,/app/reports/[id]/preview,apps/portal/src/routes/app/reports/[id]/preview/+server.ts:7,,,/app/reports,No direct task mapping; inspect source guard,reports workspace,No direct assistant form: API/internal/authentication or source-only route,,,[],"Task visibility is a navigation projection, not proof of authorization. Live session, object scope, assignment/delegation, source ownership, state/version and repository guards remain authoritative. API/download/job/sync routes are inventory only, not independent assistant commands. Empty extracted_fields means the extractor did not resolve formObject/FormData or schema fields; it does not mean the action accepts no input."
HTTP endpoint,GET,/app/reports/period/[id]/preview,apps/portal/src/routes/app/reports/period/[id]/preview/+server.ts:7,,,/app/reports,No direct task mapping; inspect source guard,reports workspace,No direct assistant form: API/internal/authentication or source-only route,,,[],"Task visibility is a navigation projection, not proof of authorization. Live session, object scope, assignment/delegation, source ownership, state/version and repository guards remain authoritative. API/download/job/sync routes are inventory only, not independent assistant commands. Empty extracted_fields means the extractor did not resolve formObject/FormData or schema fields; it does not mean the action accepts no input."
HTTP endpoint,GET,/app/service-worker.js,apps/portal/src/routes/app/service-worker.js/+server.ts:2,,,,No direct task mapping; inspect source guard,Source/repository guard decides access,No direct assistant form: API/internal/authentication or source-only route,,,[],"Task visibility is a navigation projection, not proof of authorization. Live session, object scope, assignment/delegation, source ownership, state/version and repository guards remain authoritative. API/download/job/sync routes are inventory only, not independent assistant commands. Empty extracted_fields means the extractor did not resolve formObject/FormData or schema fields; it does not mean the action accepts no input."
HTTP endpoint,GET,/app/supplier/report.csv,apps/portal/src/routes/app/supplier/report.csv/+server.ts:76,,,/app/supplier,No direct task mapping; inspect source guard,supplier workspace,No direct assistant form: API/internal/authentication or source-only route,,,[],"Task visibility is a navigation projection, not proof of authorization. Live session, object scope, assignment/delegation, source ownership, state/version and repository guards remain authoritative. Supplier coordinator is limited to its supplier/project/personnel scope; external technician sees own operational data. API/download/job/sync routes are inventory only, not independent assistant commands. Empty extracted_fields means the extractor did not resolve formObject/FormData or schema fields; it does not mean the action accepts no input."
HTTP endpoint,GET,/health/live,apps/portal/src/routes/health/live/+server.ts:3,,,,No direct task mapping; inspect source guard,Source/repository guard decides access,No direct assistant form: API/internal/authentication or source-only route,,,[],"Task visibility is a navigation projection, not proof of authorization. Live session, object scope, assignment/delegation, source ownership, state/version and repository guards remain authoritative. API/download/job/sync routes are inventory only, not independent assistant commands. Empty extracted_fields means the extractor did not resolve formObject/FormData or schema fields; it does not mean the action accepts no input."
HTTP endpoint,GET,/health/ready,apps/portal/src/routes/health/ready/+server.ts:4,,,,No direct task mapping; inspect source guard,Source/repository guard decides access,No direct assistant form: API/internal/authentication or source-only route,,,[],"Task visibility is a navigation projection, not proof of authorization. Live session, object scope, assignment/delegation, source ownership, state/version and repository guards remain authoritative. API/download/job/sync routes are inventory only, not independent assistant commands. Empty extracted_fields means the extractor did not resolve formObject/FormData or schema fields; it does not mean the action accepts no input."
